model_group,model_name,target,accuracy_mean,accuracy_std,precision_mean,precision_std,recall_mean,recall_std,f1_mean,f1_std,roc_auc_mean,roc_auc_std,within_one_band_mean,within_one_band_std
Model A (JDS Hike),Logistic Regression (Std),high_hike,0.8556,0.0623,0.8477,0.068,0.8918,0.0935,0.8655,0.0605,0.9012,0.0618,,
Model A (JDS Hike),Decision Tree (Depth<=3),high_hike,0.7823,0.0729,0.7639,0.0756,0.861,0.0881,0.806,0.0632,0.8003,0.079,,
Model A (JDS Hike),Random Forest (Depth=4),high_hike,0.7972,0.0856,0.7928,0.0733,0.8309,0.1351,0.807,0.0966,0.8757,0.0563,,
Model B (SDS Success),Logistic Regression (Std),high_success,0.9266,0.0462,0.9095,0.0597,0.957,0.0461,0.9314,0.0423,0.965,0.0269,,
Model B (SDS Success),Decision Tree (Depth<=3),high_success,0.9301,0.0472,0.9179,0.0607,0.9538,0.0592,0.9336,0.0447,0.9413,0.0433,,
Model B (SDS Success),Random Forest (Depth=4),high_success,0.9447,0.0379,0.9382,0.052,0.9587,0.0549,0.9466,0.0369,0.9948,0.0073,,
Model C (Salary Band),Random Forest (Depth=8),salary_band (0..5),0.3905,0.0087,,,,,0.2905,0.0075,,,0.8051,0.0072
Model C (Salary Band),Gradient Boosting (Depth=4),salary_band (0..5),0.4047,0.0099,,,,,0.3745,0.0088,,,0.8215,0.0047
Model C (Salary Band),Ordered Logistic (Statsmodels),salary_band (0..5),0.4044,0.005,,,,,0.3575,0.0023,,,0.8171,0.007
