company_name,total_vacancies,listings_count,median_salary,min_salary,max_salary,mean_salary,vacancy_share_pct,cum_vacancies_pct,cum_companies_pct
TCS,9064,10,7.300000000000001,2.4,30.0,9.459999999999999,9.75,9.75,0.16
Accenture,5425,10,10.100000000000001,2.3,33.0,12.190000000000001,5.83,15.58,0.31
Cognizant,3813,10,9.2,2.9,25.5,11.209999999999999,4.1,19.68,0.47
Wipro,2566,10,9.149999999999999,2.2,30.0,10.49,2.76,22.44,0.62
IBM,2480,10,11.75,4.0,36.0,13.34,2.67,25.1,0.78
Genpact,2147,8,7.4,2.5,37.0,11.825,2.31,27.41,0.93
Capgemini,1994,10,8.85,3.0,32.0,10.809999999999999,2.14,29.56,1.09
L&T Infotech,1873,9,11.6,3.8,33.5,12.588888888888889,2.01,31.57,1.25
Tech Mahindra,1830,10,7.6,2.2,27.0,9.86,1.97,33.54,1.4
HCL Technologies,1783,10,9.4,2.3,31.0,11.67,1.92,35.46,1.56
Deloitte,1714,10,12.75,4.3,35.0,14.190000000000001,1.84,37.3,1.71
Evalueserve,1698,3,9.8,4.7,17.4,9.6,1.83,39.12,1.87
Infosys,1686,10,9.100000000000001,3.4,32.0,10.55,1.81,40.94,2.02
Amazon,1279,9,20.1,2.5,75.0,20.144444444444446,1.38,42.31,2.18
DXC Technology,1076,10,11.0,3.7,25.0,11.459999999999999,1.16,43.47,2.34
EXL Service,996,8,9.55,2.2,30.0,11.2625,1.07,44.54,2.49
Ernst & Young,896,9,12.8,3.4,30.0,14.088888888888889,0.96,45.5,2.65
HSBC,795,8,13.1,3.4,28.0,14.2,0.85,46.36,2.8
Quantiphi Analytics Solutions,785,6,10.8,6.5,22.5,11.716666666666667,0.84,47.2,2.96
American Express,781,7,14.7,3.0,40.0,15.9,0.84,48.04,3.12
Optum,709,8,14.75,4.8,36.0,15.1625,0.76,48.8,3.27
Societe Generale,659,5,16.8,7.1,34.5,17.119999999999997,0.71,49.51,3.43
UnitedHealth,638,8,13.65,3.3,30.5,14.1125,0.69,50.2,3.58
JP Morgan Chase,632,10,17.799999999999997,4.1,51.0,18.869999999999997,0.68,50.88,3.74
Mindtree,602,10,8.75,3.5,28.1,10.690000000000001,0.65,51.53,3.89
