skill,high_band_postings,high_band_freq_pct,low_band_postings,low_band_freq_pct,lift_multiplier
linear regression,33,0.85,1,0.02,39.25
statistical modeling,41,1.06,2,0.04,24.38
model development,40,1.03,2,0.04,23.79
product management...,19,0.49,1,0.02,22.6
solution design,18,0.47,1,0.02,21.41
text mining,35,0.91,2,0.04,20.81
algorithms...,17,0.44,1,0.02,20.22
ccar,15,0.39,1,0.02,17.84
cassandra,28,0.72,2,0.04,16.65
design patterns,27,0.7,2,0.04,16.06
neural networks,25,0.65,2,0.04,14.87
stakeholder management,24,0.62,2,0.04,14.27
model validation,22,0.57,2,0.04,13.08
sas...,32,0.83,3,0.07,12.69
logistic regression,30,0.78,3,0.07,11.89
insurance analytics,32,0.83,0,0.0,9.28
algorithms,70,1.81,9,0.2,9.25
segmentation,23,0.6,3,0.07,9.12
redis,15,0.39,2,0.04,8.92
high frequency trading,30,0.78,0,0.0,8.76
strategic planning,21,0.54,3,0.07,8.33
credit risk,47,1.22,7,0.15,7.99
business strategy,20,0.52,3,0.07,7.93
project management...,26,0.67,4,0.09,7.73
amazon web services,32,0.83,5,0.11,7.61
iim,25,0.65,0,0.0,7.47
r,240,6.21,39,0.85,7.32
statistical modeling...,18,0.47,3,0.07,7.14
product management,70,1.81,12,0.26,6.94
multithreading,17,0.44,3,0.07,6.74
product strategy,22,0.57,0,0.0,6.69
risk management...,22,0.57,4,0.09,6.54
financial modelling...,16,0.41,3,0.07,6.34
big data...,16,0.41,3,0.07,6.34
nosql,62,1.6,12,0.26,6.15
impala,15,0.39,3,0.07,5.95
sales strategy,20,0.52,4,0.09,5.95
sas sql,29,0.75,6,0.13,5.75
deep learning,62,1.6,13,0.28,5.67
valuation,23,0.6,5,0.11,5.47
c++,96,2.48,21,0.46,5.44
python...,41,1.06,9,0.2,5.42
auditing...,18,0.47,4,0.09,5.35
mongodb,31,0.8,7,0.15,5.27
data science,93,2.41,21,0.46,5.27
product marketing,22,0.57,5,0.11,5.23
trading,22,0.57,5,0.11,5.23
natural language processing,64,1.66,15,0.33,5.07
perl,17,0.44,4,0.09,5.05
ansible,17,0.44,4,0.09,5.05
sqoop,21,0.54,5,0.11,5.0
image processing,15,0.39,0,0.0,4.88
big data,85,2.2,21,0.46,4.81
open source,16,0.41,4,0.09,4.76
data scientist,24,0.62,6,0.13,4.76
bi,16,0.41,4,0.09,4.76
scala,47,1.22,12,0.26,4.66
artificial intelligence,31,0.8,8,0.17,4.61
budgeting...,23,0.6,6,0.13,4.56
risk analytics,19,0.49,5,0.11,4.52
j2ee,53,1.37,14,0.3,4.5
machine learning,237,6.13,63,1.37,4.47
docker,15,0.39,4,0.09,4.46
strategy...,22,0.57,6,0.13,4.36
advanced analytics,22,0.57,6,0.13,4.36
computer vision,18,0.47,5,0.11,4.28
equity research,18,0.47,5,0.11,4.28
software development,64,1.66,18,0.39,4.23
java,249,6.44,70,1.52,4.23
sas,198,5.12,56,1.22,4.21
spark,104,2.69,30,0.65,4.12
r...,24,0.62,7,0.15,4.08
big data analytics,20,0.52,6,0.13,3.96
tableau,42,1.09,13,0.28,3.84
marketing analytics,29,0.75,9,0.2,3.83
azure,16,0.41,5,0.11,3.81
business finance,16,0.41,5,0.11,3.81
financial modelling,44,1.14,14,0.3,3.74
hbase,22,0.57,7,0.15,3.74
hdfs,25,0.65,8,0.17,3.72
hadoop,100,2.59,33,0.72,3.6
hibernate,30,0.78,10,0.22,3.57
node.js,24,0.62,8,0.17,3.57
data structures,36,0.93,12,0.26,3.57
data integration,18,0.47,6,0.13,3.57
mapreduce,29,0.75,10,0.22,3.45
gap analysis,23,0.6,8,0.17,3.42
corporate finance,20,0.52,7,0.15,3.4
requirement analysis,17,0.44,6,0.13,3.37
hive,67,1.73,24,0.52,3.32
predictive modeling,47,1.22,17,0.37,3.29
statistical analysis,19,0.49,7,0.15,3.23
flume,16,0.41,6,0.13,3.17
soap,16,0.41,6,0.13,3.17
predictive analytics,39,1.01,15,0.33,3.09
data modeling,47,1.22,19,0.41,2.94
c#,61,1.58,25,0.54,2.9
c,53,1.37,22,0.48,2.87
core java,54,1.4,23,0.5,2.79
programming,21,0.54,9,0.2,2.78
strategy,56,1.45,24,0.52,2.78
data warehousing,44,1.14,19,0.41,2.75
credit analysis,30,0.78,13,0.28,2.74
sql...,30,0.78,13,0.28,2.74
presales,32,0.83,14,0.3,2.72
bootstrap,16,0.41,7,0.15,2.72
salesforce,16,0.41,7,0.15,2.72
change management,20,0.52,9,0.2,2.64
program management,22,0.57,10,0.22,2.62
web services,30,0.78,14,0.3,2.55
software development...,21,0.54,10,0.22,2.5
sales management,27,0.7,13,0.28,2.47
spring,29,0.75,14,0.3,2.46
rest,34,0.88,17,0.37,2.38
product development,18,0.47,9,0.2,2.38
rfp,16,0.41,8,0.17,2.38
itil,16,0.41,8,0.17,2.38
unix,26,0.67,13,0.28,2.38
use cases,18,0.47,9,0.2,2.38
user stories,18,0.47,9,0.2,2.38
.net,45,1.16,23,0.5,2.33
project management,156,4.04,80,1.74,2.32
linux,50,1.29,26,0.57,2.29
finance...,23,0.6,12,0.26,2.28
matlab,23,0.6,12,0.26,2.28
business development management,21,0.54,11,0.24,2.27
web technologies...,21,0.54,11,0.24,2.27
oracle,37,0.96,20,0.44,2.2
data analytics,108,2.79,59,1.28,2.18
python,251,6.49,138,3.0,2.16
django,16,0.41,9,0.2,2.11
uat,16,0.41,9,0.2,2.11
forecasting,37,0.96,21,0.46,2.1
data mining,61,1.58,35,0.76,2.07
json,31,0.8,18,0.39,2.05
mysql,55,1.42,33,0.72,1.98
hr analytics,15,0.39,9,0.2,1.98
team management,30,0.78,18,0.39,1.98
business analysis...,33,0.85,20,0.44,1.96
banking,46,1.19,28,0.61,1.95
analytics...,39,1.01,24,0.52,1.93
statistics,24,0.62,15,0.33,1.9
front end,16,0.41,10,0.22,1.9
team leading,24,0.62,15,0.33,1.9
etl,41,1.06,26,0.57,1.88
pig,19,0.49,12,0.26,1.88
android,31,0.8,20,0.44,1.84
budgeting,68,1.76,44,0.96,1.84
angularjs,30,0.78,20,0.44,1.78
php,39,1.01,26,0.57,1.78
risk management,33,0.85,22,0.48,1.78
data mining...,15,0.39,10,0.22,1.78
oracle sql,16,0.41,11,0.24,1.73
financial analysis...,23,0.6,16,0.35,1.71
sql server,38,0.98,27,0.59,1.67
sql queries,22,0.57,16,0.35,1.64
customer experience,15,0.39,11,0.24,1.62
html5,31,0.8,24,0.52,1.54
supply chain,18,0.47,14,0.3,1.53
finance,236,6.11,185,4.02,1.52
ios,19,0.49,15,0.33,1.51
financial reporting,19,0.49,15,0.33,1.51
sales,133,3.44,107,2.33,1.48
ajax,16,0.41,13,0.28,1.46
data visualization,22,0.57,18,0.39,1.45
sql,194,5.02,159,3.46,1.45
computer science,17,0.44,14,0.3,1.44
agile,26,0.67,22,0.48,1.41
financial analysis,72,1.86,61,1.33,1.4
financial planning,38,0.98,33,0.72,1.37
variance analysis,16,0.41,14,0.3,1.36
javascript,130,3.36,117,2.55,1.32
machine learning...,22,0.57,20,0.44,1.31
marketing,99,2.56,92,2.0,1.28
analytics,192,4.97,179,3.89,1.28
business analysis,157,4.06,146,3.18,1.28
requirement gathering,15,0.39,14,0.3,1.27
business analyst,34,0.88,32,0.7,1.26
business intelligence,40,1.03,38,0.83,1.25
web analytics,22,0.57,21,0.46,1.25
taxation,32,0.83,32,0.7,1.19
advertising,18,0.47,18,0.39,1.19
css,53,1.37,56,1.22,1.13
consulting,36,0.93,38,0.83,1.13
xml,38,0.98,40,0.87,1.13
hr,51,1.32,54,1.17,1.12
auditing,58,1.5,63,1.37,1.09
html,65,1.68,71,1.54,1.09
business development,68,1.76,78,1.7,1.04
marketing campaigns,19,0.49,22,0.48,1.03
data analytics...,23,0.6,27,0.59,1.01
networking,21,0.54,25,0.54,1.0
internal audit,15,0.39,18,0.39,0.99
business analytics,20,0.52,24,0.52,0.99
accounting,95,2.46,121,2.63,0.93
web technologies,27,0.7,36,0.78,0.89
sap,17,0.44,23,0.5,0.88
data analysis...,22,0.57,30,0.65,0.87
jquery,40,1.03,55,1.2,0.87
procurement,19,0.49,27,0.59,0.84
data analysis,120,3.1,207,4.5,0.69
data management,23,0.6,41,0.89,0.67
problem solving,17,0.44,30,0.65,0.67
operations,38,0.98,68,1.48,0.66
market research,50,1.29,93,2.02,0.64
online marketing,24,0.62,58,1.26,0.49
research analysis,15,0.39,38,0.83,0.47
excel,59,1.53,154,3.35,0.46
recruitment,26,0.67,70,1.52,0.44
digital marketing,73,1.89,233,5.07,0.37
google analytics,27,0.7,94,2.04,0.34
social media,21,0.54,74,1.61,0.34
customer service,18,0.47,64,1.39,0.33
sem,21,0.54,93,2.02,0.27
advanced excel,15,0.39,65,1.41,0.27
seo,45,1.16,243,5.29,0.22
