skill,job_postings_count,prevalence_pct
sql,836,5.63
python,778,5.24
analytics,774,5.22
finance,715,4.82
java,689,4.64
business analysis,603,4.06
machine learning,568,3.83
data analysis,557,3.75
r,554,3.73
sas,543,3.66
digital marketing,535,3.61
javascript,514,3.46
project management,469,3.16
seo,461,3.11
sales,383,2.58
accounting,349,2.35
excel,349,2.35
outsourcing,337,2.27
data analytics,324,2.18
marketing,310,2.09
html,292,1.97
hadoop,281,1.89
business process,269,1.81
spark,254,1.71
big data,244,1.64
business development,235,1.58
auditing,229,1.54
c++,222,1.5
financial analysis,220,1.48
market research,220,1.48
