group_1,group_2,mann_whitney_u,raw_p_value,bonferroni_adj_p,rank_biserial_r,stat_significant
Data Analysis,Data Science,15213.5,2.2757187054940982e-76,3.4135780582411474e-75,0.782,Yes (p < 0.05)
Data Analysis,Data Engineering,22949.5,2.737741049565894e-56,4.106611574348841e-55,0.669,Yes (p < 0.05)
Business Analysis,Data Science,31534.0,1.2664175685541766e-38,1.899626352831265e-37,0.549,Yes (p < 0.05)
Architecture,Data Analysis,18385.5,1.218934072913153e-28,1.8284011093697297e-27,-0.966,Yes (p < 0.05)
Business Analysis,Data Analysis,101940.0,6.1868136976898975e-27,9.280220546534847e-26,-0.454,Yes (p < 0.05)
Architecture,Business Analysis,17964.5,6.42107556469888e-26,9.63161334704832e-25,-0.916,Yes (p < 0.05)
Business Analysis,Data Engineering,43639.0,1.2631701043562575e-18,1.894755156534386e-17,0.373,Yes (p < 0.05)
Architecture,ML,2824.5,2.3249020316954453e-16,3.487353047543168e-15,-0.915,Yes (p < 0.05)
Architecture,Data Engineering,15741.5,1.1862753689142332e-15,1.7794130533713498e-14,-0.697,Yes (p < 0.05)
Data Science,ML,17889.0,1.1057982948451226e-14,1.6586974422676838e-13,-0.626,Yes (p < 0.05)
Architecture,Data Science,14391.5,4.3522992985954913e-10,6.528448947893237e-09,-0.543,Yes (p < 0.05)
Data Engineering,ML,16253.0,2.1425636659501313e-09,3.213845498925197e-08,-0.485,Yes (p < 0.05)
Data Engineering,Data Science,56186.0,9.122156542820571e-06,0.00013683234814230858,0.188,Yes (p < 0.05)
Data Analysis,ML,8202.0,0.001531513058274092,0.02297269587411138,0.257,Yes (p < 0.05)
Business Analysis,ML,13360.5,0.010301432909176194,0.1545214936376429,-0.208,No (ns)
