job_title,postings,total_vacancies,min_salary_median,avg_salary_median,max_salary_median,avg_salary_mean,avg_salary_std,min_experience_mean
Data Architect,50,528,17.35,24.25,31.5,25.086,7.412840762033493,9.98
Senior Data Scientist,185,2129,14.5,21.2,28.0,22.28702702702703,8.632738766660092,3.9567567567567568
Senior Data Engineer,183,3411,12.5,17.6,23.0,18.998360655737702,7.854385458083772,4.5683060109289615
Senior Business Analyst,187,14115,8.0,13.0,19.0,13.170588235294119,4.528409863150426,4.016042780748663
Data Scientist,188,9051,7.0,12.8,20.0,13.52659574468085,5.431108168933446,1.5372340425531914
Data Engineer,188,8044,6.25,10.850000000000001,16.8,11.814893617021276,5.677970516521119,1.5106382978723405
Machine Learning Engineer,59,964,5.0,9.1,14.0,9.854237288135593,5.306350198157126,1.4406779661016949
Senior Data Analyst,187,3825,5.6,8.6,12.2,9.570588235294117,4.703503747376127,2.855614973262032
Business Analyst,188,32843,4.65,8.3,14.0,8.947340425531914,3.2651691820231994,1.702127659574468
Data Analyst,187,18095,3.0,5.0,8.9,5.710695187165776,3.11737983585546,0.8235294117647058
