company_name,total_openings,roles_offered,avg_ctc,cum_openings,cum_share_pct
TCS,9064,10,7.300000000000001,9064,9.745712596096984
Accenture,5425,10,10.100000000000001,14489,15.578732326219018
Cognizant,3813,10,9.2,18302,19.678511907961937
Wipro,2566,10,9.149999999999999,20868,22.437503360034405
IBM,2480,10,11.75,23348,25.104026665233054
Genpact,2147,8,7.4,25495,27.412504704048168
Capgemini,1994,10,8.85,27489,29.556475458308697
L&T Infotech,1873,9,11.6,29362,31.570345680339766
Tech Mahindra,1830,10,7.6,31192,33.53798182893393
HCL Technologies,1783,10,9.4,32975,35.455083060050534
Deloitte,1714,10,12.75,34689,37.29799473146605
Evalueserve,1698,3,9.8,36387,39.12370302671899
Infosys,1686,10,9.100000000000001,38073,40.93650878985001
Amazon,1279,9,20.1,39352,42.3117036718456
DXC Technology,1076,10,11.0,40428,43.46863071877856
