primary_city,sample_postings,median_salary_lpa,q25_salary_lpa,q75_salary_lpa,mean_salary_lpa,std_salary_lpa,mean_exp_years,iqr_lpa
Bengaluru,4118,12.5,8.0,20.0,12.848227294803303,8.637486888958088,6.490286546867411,12.0
Delhi NCR,1105,12.5,4.5,20.0,11.971945701357466,9.140292938251436,5.988235294117647,15.5
Mumbai,2435,12.5,4.5,20.0,12.015195071868582,8.71151444282613,6.133264887063655,15.5
Gurugram,1923,12.5,4.5,20.0,11.787311492459699,8.644499565443287,5.535361414456578,15.5
Hyderabad,964,8.0,4.5,20.0,11.313278008298756,8.792720370127919,6.420124481327801,15.5
Chennai,914,8.0,4.5,12.5,9.805798687089716,8.169901702602328,6.0054704595186,8.0
Noida,553,8.0,4.5,12.5,9.867088607594937,8.582504639817957,5.367088607594937,8.0
Kolkata,187,8.0,1.5,12.5,8.406417112299465,7.769395535456553,5.029411764705882,11.0
Pune,1085,8.0,4.5,12.5,10.862211981566821,8.251392071486112,6.097235023041475,8.0
Ahmedabad,187,4.5,1.5,12.5,8.224598930481283,8.05510819191398,4.9411764705882355,11.0
