ds_job_id,raw_reference_no,company_name,job_title,min_experience,min_salary_lpa,avg_salary_lpa,max_salary_lpa,num_of_jobs
1,7834,TCS,Data Scientist,2,4.5,7.8,16.0,841
2,7862,Accenture,Data Scientist,2,5.8,12.8,23.0,501
3,5925,IBM,Data Scientist,2,5.3,13.4,25.0,394
4,7578,Cognizant,Data Scientist,2,5.0,9.8,18.0,318
5,7177,Capgemini,Data Scientist,2,4.8,8.6,14.6,300
6,4018,Infosys,Data Scientist,2,4.5,9.3,24.0,228
7,8562,Wipro,Data Scientist,2,4.5,9.7,18.2,225
8,6212,Tech Mahindra,Data Scientist,2,4.1,7.6,15.4,218
9,8334,Fractal Analytics,Data Scientist,2,10.0,15.9,23.0,166
10,3930,Deloitte,Data Scientist,2,7.0,14.2,25.0,163
11,5436,Ericsson,Data Scientist,3,6.0,14.6,26.9,152
12,7445,HCL Technologies,Data Scientist,2,4.5,9.8,20.3,152
13,4215,Amazon,Data Scientist,2,9.5,28.1,50.0,140
14,8777,UnitedHealth,Data Scientist,2,8.3,14.8,21.5,120
15,1347,Mu Sigma,Data Scientist,1,5.0,7.4,12.0,116
16,3097,Ab Inbev,Data Scientist,2,15.0,20.6,26.2,116
17,1322,L&T Infotech,Data Scientist,2,6.5,11.6,20.9,102
18,3990,Tiger Analytics,Data Scientist,2,9.0,14.8,20.0,102
19,8847,Optum,Data Scientist,2,11.0,16.6,22.5,101
20,3700,Ernst & Young,Data Scientist,2,6.7,12.4,20.0,96
21,8732,Mindtree,Data Scientist,2,4.8,10.6,18.7,94
22,5837,Walmart,Data Scientist,2,17.8,28.3,41.0,85
23,4163,DXC Technology,Data Scientist,2,4.4,10.0,15.5,83
24,1769,Microsoft Corporation,Data Scientist,1,13.0,32.1,60.0,81
25,3026,Genpact,Data Scientist,2,5.5,12.2,20.0,74
26,6255,Hewlett-Packard Enterprise,Data Scientist,2,7.1,16.6,26.5,70
27,8658,Ford Motor,Data Scientist,2,10.0,14.4,20.0,64
28,7508,Reliance jio,Data Scientist,1,5.6,15.6,30.0,61
29,6502,Verizon,Data Scientist,3,9.9,14.2,21.8,58
30,2075,IQVIA,Data Scientist,2,6.9,11.4,22.0,58
31,1093,Shell,Data Scientist,3,13.5,20.9,27.0,57
32,8466,PayPal,Data Scientist,3,15.0,27.7,45.0,57
33,1700,JP Morgan Chase,Data Scientist,2,12.0,20.5,31.0,56
34,2098,EXL Service,Data Scientist,1,7.6,14.0,21.0,55
35,1634,American Express,Data Scientist,2,10.8,17.7,26.0,48
36,2073,Vodafone Idea,Data Scientist,2,6.0,13.4,20.0,45
37,2884,HDFC Bank,Data Scientist,0,9.0,15.3,22.2,44
38,6527,Great Learning,Data Scientist,0,7.0,9.3,13.8,44
39,6308,Reliance Industries,Data Scientist,1,6.0,10.4,21.0,42
40,5241,ZS,Data Scientist,1,10.0,16.9,25.0,42
41,2744,Oracle,Data Scientist,2,6.5,16.3,39.0,42
42,7417,Novartis Healthcare,Data Scientist,2,9.0,21.9,36.0,41
43,5750,TheMathCompany,Data Scientist,2,6.0,10.5,16.0,41
44,8050,PwC,Data Scientist,2,7.5,12.6,20.0,41
45,5007,SAP,Data Scientist,2,11.0,17.4,26.0,40
46,1554,Legato Health Technologies,Data Scientist,1,9.0,14.3,21.0,39
47,1582,Impact Analytics,Data Scientist,0,7.0,9.0,13.0,38
48,6534,Innominds Software,Data Scientist,1,6.5,10.7,15.2,37
49,5702,Flipkart,Data Scientist,0,14.7,23.2,42.0,37
50,8479,Innodatatics,Data Scientist,0,2.0,4.5,7.0,37
51,6834,KPMG,Data Scientist,2,9.0,14.1,20.0,36
52,4726,NTT DATA,Data Scientist,2,5.0,7.7,17.2,36
53,6624,HSBC,Data Scientist,2,8.5,14.1,23.9,36
54,4409,Societe Generale,Data Scientist,1,7.4,18.2,26.0,35
55,4038,Mphasis,Data Scientist,2,5.2,8.9,15.0,35
56,7493,Mercedes-Benz Research & Development India,Data Scientist,2,8.2,14.1,21.0,34
57,6130,BEPEC Solutions,Data Scientist,1,3.0,4.9,7.0,34
58,8451,Brillio,Data Scientist,1,9.0,16.0,24.0,33
59,2580,ABC,Data Scientist,2,6.5,19.2,35.0,32
60,1232,WNS,Data Scientist,1,7.2,11.4,17.0,32
61,1843,Hexaware Technologies,Data Scientist,0,4.5,9.7,19.0,32
62,5007,International School of Engineering,Data Scientist,1,5.4,10.5,16.3,31
63,3353,Wells Fargo India,Data Scientist,2,5.5,15.4,31.2,31
64,1871,Kyndryl,Data Scientist,3,6.0,14.1,30.0,31
65,3678,eClerx,Data Scientist,2,6.0,9.3,16.7,30
66,1145,DBS Bank,Data Scientist,2,9.0,14.3,23.7,30
67,4465,Cyient,Data Scientist,2,5.0,10.4,18.5,30
68,6940,Nagarro,Data Scientist,1,7.0,12.1,18.0,29
69,2026,Freelancer.com,Data Scientist,1,3.0,7.1,15.0,29
70,1160,Cisco Systems,Data Scientist,2,12.0,19.0,32.5,28
71,5453,Bajaj Finserv,Data Scientist,1,7.5,11.9,19.4,28
72,7955,Dell,Data Scientist,1,8.0,17.0,27.0,27
73,2170,Dunnhumby,Data Scientist,1,8.5,12.9,18.0,26
74,4548,Honeywell Technology Solutions,Data Scientist,2,8.5,15.1,23.4,26
75,3997,Bristlecone,Data Scientist,1,6.6,9.0,11.5,26
76,3756,Sigmoid Analytics,Data Scientist,0,11.0,14.9,20.0,26
77,5538,Applied Materials,Data Scientist,2,7.0,14.2,22.0,26
78,6821,Citicorp,Data Scientist,2,14.0,19.2,23.5,26
79,1099,Siemens,Data Scientist,2,7.8,13.5,24.0,26
80,4945,MasterCard,Data Scientist,2,12.1,19.6,25.3,26
81,1930,Bosch Global Software Technologies,Data Scientist,2,7.0,11.9,16.6,25
82,2859,Wolters Kluwer,Data Scientist,0,9.9,12.5,17.6,25
83,1335,Birlasoft,Data Scientist,2,4.0,8.0,12.7,25
84,6721,Atos,Data Scientist,2,5.0,13.0,28.0,25
85,3168,Info Edge,Data Scientist,0,12.0,16.9,24.0,25
86,6267,VMware Software,Data Scientist,4,11.5,23.6,32.1,25
87,5215,Course5,Data Scientist,1,4.0,8.1,12.7,25
88,4062,Bridgei2i Analytics Solutions,Data Scientist,2,6.0,9.4,14.4,24
89,8614,Larsen & Toubro Limited,Data Scientist,1,4.5,9.4,23.0,24
90,7202,iNeuron.ai,Data Scientist,0,3.0,5.1,8.0,24
91,4119,Tredence,Data Scientist,2,8.0,14.4,19.0,23
92,6033,Enquero,Data Scientist,0,5.0,11.5,16.2,23
93,5746,R Systems International,Data Scientist,2,7.5,16.2,24.4,23
94,3004,UST,Data Scientist,3,6.5,9.8,15.0,23
95,4787,Cgi Group,Data Scientist,2,4.2,8.2,14.0,23
96,2749,Bank of America,Data Scientist,2,13.2,22.8,30.3,23
97,3684,Axis Bank,Data Scientist,1,7.9,11.7,18.0,23
98,7892,Ganit Business Solutions,Data Scientist,3,8.5,12.6,16.0,23
99,4651,Virtusa Consulting Services,Data Scientist,1,4.8,9.7,15.6,22
100,2352,ITC Infotech India,Data Scientist,2,4.1,10.9,20.5,22
101,4307,Gramener,Data Scientist,1,7.5,9.8,14.0,22
102,1185,Subex,Data Scientist,1,8.2,10.8,13.7,22
103,7236,Xoriant,Data Scientist,2,5.3,10.4,17.6,22
104,5318,Caterpillar Inc,Data Scientist,2,7.7,12.8,18.0,21
105,3508,ICICI Bank,Data Scientist,0,5.0,11.9,20.0,21
106,8321,Freelance Consultants,Data Scientist,1,3.2,10.2,24.0,21
107,4710,Sutherland Global Services,Data Scientist,1,5.1,8.5,12.3,21
108,2597,Prodapt Solutions,Data Scientist,1,3.3,6.9,16.0,21
109,5388,Rubixe,Data Scientist,0,2.4,4.7,9.0,21
110,4757,NDS InfoServ,Data Scientist,0,5.0,9.1,12.0,20
111,7722,Zensar Technologies,Data Scientist,1,4.2,8.2,15.5,20
112,4470,Fidelity National Information Services,Data Scientist,3,7.3,10.9,18.6,20
113,4941,KPIT Technologies,Data Scientist,1,4.5,7.7,15.0,20
114,3365,Citibank,Data Scientist,2,10.0,17.3,24.2,20
115,4013,ValueLabs,Data Scientist,2,7.0,14.6,22.5,20
116,3653,ABB Group,Data Scientist,2,8.3,13.0,19.0,20
117,2520,L&T Financial Services,Data Scientist,1,8.2,9.3,12.5,20
118,2087,Value c Consulting India,Data Scientist,2,4.2,5.2,6.0,20
119,2584,Lumiq.ai,Data Scientist,0,6.0,8.3,13.0,20
120,7885,Flip Robo Technologies,Data Scientist,1,3.0,4.7,7.9,20
121,8008,Philips,Data Scientist,3,11.2,17.9,30.0,19
122,1973,Nokia,Data Scientist,2,6.2,13.0,24.0,19
123,1317,Confidential,Data Scientist,1,4.1,8.5,18.5,19
124,6614,Tata Technologies,Data Scientist,0,4.8,6.6,9.2,19
125,3712,Nielsen,Data Scientist,1,6.0,7.0,10.0,19
126,8220,Kantar,Data Scientist,3,6.4,11.5,18.0,19
127,3175,Persistent Systems,Data Scientist,2,5.8,10.5,17.0,19
128,5745,Exl India,Data Scientist,1,10.0,14.0,18.0,19
129,1389,Blue Yonder,Data Scientist,3,15.1,20.6,26.0,19
130,8933,Brane Enterprises,Data Scientist,1,8.0,14.0,22.5,19
131,4768,Micron Technology,Data Scientist,0,11.4,16.4,25.0,19
132,4243,Indegene,Data Scientist,0,8.0,9.6,14.5,18
133,8862,CARS24.com,Data Scientist,1,14.5,20.3,24.0,18
134,5418,GlobalLogic,Data Scientist,2,4.0,14.6,26.0,18
135,4598,Maersk,Data Scientist,4,14.0,20.9,31.0,18
136,5705,Barclays,Data Scientist,2,13.6,18.2,25.0,18
137,7811,Indium Software,Data Scientist,1,5.0,7.9,12.0,18
138,1171,Celebal Technologies,Data Scientist,0,5.7,8.6,13.0,18
139,2793,Affine Analytics,Data Scientist,1,6.3,9.7,18.0,18
140,3797,Fidelity Investment,Data Scientist,3,13.8,23.4,36.0,18
141,3373,Jio Platforms,Data Scientist,2,7.0,13.9,23.0,18
142,7971,Happiest Minds Technologies,Data Scientist,1,5.2,8.7,14.0,17
143,5151,Adobe,Data Scientist,3,20.0,29.4,44.0,17
144,7118,CitiusTech,Data Scientist,2,5.8,10.4,17.5,17
145,5497,Scienaptic Systems,Data Scientist,0,8.0,14.6,19.0,17
146,2525,Boeing,Data Scientist,1,13.5,19.4,35.0,17
147,2394,Citigroup,Data Scientist,1,13.5,18.4,27.5,17
148,1823,Marlabs,Data Scientist,0,5.5,9.3,20.6,16
149,1326,TransOrg Analytics,Data Scientist,1,7.0,9.4,13.5,16
150,7642,T-Systems,Data Scientist,3,7.8,14.1,24.0,16
151,6985,Sopra Steria,Data Scientist,3,8.0,12.1,19.7,16
152,7237,Apexon,Data Scientist,2,4.9,7.5,10.8,16
153,6915,Embibe,Data Scientist,0,12.0,16.6,21.0,16
154,7668,Quest Global,Data Scientist,2,4.8,6.7,8.5,16
155,4290,Harman Connected Services,Data Scientist,3,7.0,13.6,26.5,16
156,2938,Exxon Mobil,Data Scientist,2,14.0,23.2,30.1,16
157,3809,Ugam Solution,Data Scientist,0,5.0,9.8,15.0,16
158,4986,L&T Technology Services,Data Scientist,1,4.3,8.7,18.0,16
159,6053,Credit Suisse,Data Scientist,2,11.0,17.4,26.0,16
160,8474,Iris Software,Data Scientist,5,11.5,18.5,25.8,16
161,8125,Delhivery,Data Scientist,1,10.0,15.6,20.8,16
162,3506,Abzooba India Infotech,Data Scientist,1,8.5,15.0,20.1,16
163,2246,Sonata Software,Data Scientist,1,4.8,8.1,12.0,15
164,2368,Incedo,Data Scientist,1,7.0,12.2,20.0,15
165,5896,Go-Jek,Data Scientist,3,16.5,30.5,44.0,15
166,8893,GE,Data Scientist,2,8.4,14.3,24.0,15
167,8061,Fiserv,Data Scientist,3,8.0,12.1,17.0,15
168,1973,UBS,Data Scientist,2,10.2,15.2,22.0,15
169,7863,Quantiphi Analytics Solutions,Data Scientist,0,7.0,9.8,16.0,15
170,1415,Amdocs,Data Scientist,2,6.0,8.5,12.0,15
171,5973,Apple,Data Scientist,2,8.2,33.6,74.5,15
172,7248,Oyo Rooms,Data Scientist,0,10.0,14.7,20.5,14
173,4274,iOPEX Technologies,Data Scientist,1,3.5,7.9,12.0,14
174,6032,Yash Technologies,Data Scientist,2,7.5,11.2,16.0,14
175,5813,Franklin Templeton Investments,Data Scientist,3,15.0,27.7,45.0,14
176,8498,N+A,Data Scientist,0,2.4,8.6,15.0,14
177,4553,ICICI Lombard General Insurance Company,Data Scientist,0,7.4,12.1,15.4,14
178,3091,Reserve Bank Information Technology,Data Scientist,2,8.0,15.9,23.5,14
179,5037,o9 Solutions,Data Scientist,1,11.0,13.8,17.5,14
180,8979,HTC Global Services,Data Scientist,1,3.6,6.4,10.0,13
181,2289,Accolite Digital,Data Scientist,0,6.0,14.5,19.5,13
182,8250,Wipro Digital,Data Scientist,1,7.0,11.1,17.5,13
183,6861,CSS Corp,Data Scientist,0,7.0,10.2,14.5,13
184,6434,Morgan Stanley,Data Scientist,2,10.5,18.1,23.6,13
185,2855,Zee Entertainment Enterprises,Data Scientist,1,13.2,16.7,23.0,13
186,6737,Ola Cabs,Data Scientist,1,13.0,21.9,30.0,13
187,3242,NatWest Markets,Data Scientist,1,11.0,16.0,26.0,13
188,7193,Myntra,Data Scientist,2,8.3,16.9,33.0,13
189,4991,TCS,Business Analyst,2,3.0,6.9,12.0,4200
190,5052,Accenture,Business Analyst,1,2.7,7.0,14.7,1900
191,4079,Genpact,Business Analyst,1,4.5,6.4,9.0,1700
192,2938,Wipro,Business Analyst,2,4.2,8.6,15.5,1200
193,8747,Cognizant,Business Analyst,1,4.5,8.6,14.0,1100
194,2705,Deloitte,Business Analyst,1,5.0,7.8,12.0,991
195,5065,HCL Technologies,Business Analyst,1,2.3,6.6,14.2,714
196,6400,Evalueserve,Business Analyst,1,4.7,6.5,8.5,693
197,5084,Infosys,Business Analyst,1,4.4,8.9,16.5,692
198,3139,IBM,Business Analyst,2,4.0,8.3,16.0,662
199,3059,DXC Technology,Business Analyst,2,4.1,7.7,13.0,580
200,7033,Tech Mahindra,Business Analyst,2,3.8,7.6,15.0,575
201,4422,American Express,Business Analyst,1,3.0,8.3,19.0,539
202,3828,Capgemini,Business Analyst,2,4.3,9.1,15.0,531
203,3430,Societe Generale,Business Analyst,3,7.6,13.5,21.0,514
204,8905,EXL Service,Business Analyst,0,4.5,6.2,8.5,476
205,2779,Amazon,Business Analyst,2,4.8,11.3,20.0,445
206,1062,HSBC,Business Analyst,2,5.0,12.1,21.0,382
207,3008,ICICI Bank,Business Analyst,1,4.0,6.7,12.6,326
208,4230,JP Morgan Chase,Business Analyst,2,5.7,12.4,21.7,323
209,8110,Zomato,Business Analyst,1,8.3,10.7,12.0,274
210,2571,L&T Infotech,Business Analyst,2,4.5,9.7,16.6,271
211,3742,Shell,Business Analyst,4,12.0,19.5,30.0,258
212,8882,Barclays,Business Analyst,2,5.5,12.3,19.4,255
213,5353,Cgi Group,Business Analyst,2,4.7,6.9,11.0,252
214,6214,Oracle,Business Analyst,1,3.4,5.5,10.0,243
215,2810,Amdocs,Business Analyst,4,6.8,12.1,20.0,236
216,6444,Conduent,Business Analyst,2,4.0,6.1,9.4,225
217,4340,Fidelity National Information Services,Business Analyst,3,5.8,10.8,18.0,214
218,8629,HDFC Bank,Business Analyst,2,4.1,7.9,12.0,208
219,8282,Novo Nordisk,Business Analyst,4,8.0,11.5,15.2,207
220,5935,Axis Bank,Business Analyst,1,4.2,9.7,15.0,199
221,6202,Ernst & Young,Business Analyst,1,4.0,8.8,20.0,198
222,3346,Credit Suisse,Business Analyst,2,10.0,15.2,23.0,179
223,5309,Hewlett-Packard Enterprise,Business Analyst,2,3.6,6.7,11.5,175
224,4779,CG Foods,Business Analyst,0,2.0,4.8,10.0,175
225,1279,Quantiphi Analytics Solutions,Business Analyst,0,6.5,8.9,13.0,167
226,8859,NetCracker,Business Analyst,5,12.0,18.7,28.0,159
227,7549,Oyo Rooms,Business Analyst,0,6.0,10.2,14.0,153
228,1356,VMware Software,Business Analyst,3,6.0,9.8,15.0,153
229,8080,Mphasis,Business Analyst,1,3.5,10.0,19.0,151
230,1024,Exl India,Business Analyst,0,4.5,6.3,8.6,147
231,1469,Mindtree,Business Analyst,2,5.5,9.5,15.0,144
232,6070,Newgen Software Technologies,Business Analyst,2,7.0,9.3,11.5,138
233,7204,NTT DATA,Business Analyst,2,4.5,7.3,14.0,133
234,2033,Hexaware Technologies,Business Analyst,2,4.2,10.0,16.8,131
235,3208,Temenos,Business Analyst,2,5.6,8.8,12.2,128
236,8095,Wells Fargo India,Business Analyst,3,6.2,12.0,20.8,128
237,7113,Barclays Shared Services,Business Analyst,1,3.8,8.3,14.2,127
238,6065,Bridgei2i Analytics Solutions,Business Analyst,0,5.0,6.0,8.0,124
239,4560,Tata Technologies,Business Analyst,3,4.3,6.4,8.9,119
240,4770,Standard Chartered Bank,Business Analyst,2,6.0,12.0,20.0,117
241,6767,Mu Sigma,Business Analyst,1,5.5,6.9,9.0,116
242,1792,Virtusa Consulting Services,Business Analyst,2,5.0,10.6,18.5,111
243,7720,Allianz Technology,Business Analyst,3,5.1,8.2,12.0,110
244,8920,Kotak Mahindra Bank,Business Analyst,1,3.0,7.5,15.5,106
245,4868,Citicorp,Business Analyst,2,7.8,15.6,21.3,106
246,6540,BNP Paribas,Business Analyst,3,6.7,10.7,16.3,105
247,5094,UST,Business Analyst,3,5.5,11.1,17.5,103
248,2991,Flipkart,Business Analyst,1,4.7,12.3,18.9,103
249,2187,Barclays Global Service Centre,Business Analyst,1,4.5,11.7,21.6,102
250,1495,BNY Mellon,Business Analyst,3,4.5,8.5,17.5,101
251,4249,Optum,Business Analyst,2,4.8,8.6,17.1,100
252,1651,Ola Cabs,Business Analyst,0,7.7,11.3,15.0,99
253,5470,UBS,Business Analyst,2,7.5,14.5,23.5,97
254,6625,Odessa,Business Analyst,1,8.4,11.0,13.0,96
255,3764,bnp paribas india solutions,Business Analyst,3,6.5,10.2,15.0,96
256,4233,UnitedHealth,Business Analyst,2,5.0,8.3,13.0,95
257,4270,HCL Technologies BPO Services,Business Analyst,1,1.6,2.3,4.0,95
258,5516,Ramco Systems,Business Analyst,1,4.5,7.6,10.5,94
259,3290,Tredence,Business Analyst,0,6.1,6.9,8.5,92
260,4802,Novartis Healthcare,Business Analyst,1,7.0,10.0,14.2,92
261,1167,Atos Syntel,Business Analyst,2,4.0,7.6,13.0,92
262,2387,Cisco Systems,Business Analyst,2,6.0,12.5,20.5,90
263,6351,ITC Infotech India,Business Analyst,1,4.5,7.8,14.0,90
264,5121,Deutsche Bank,Business Analyst,2,3.3,9.1,19.0,89
265,8507,Dell,Business Analyst,2,4.6,7.0,10.2,89
266,5516,Paytm,Business Analyst,1,3.9,7.7,15.0,89
267,1192,3i Infotech,Business Analyst,1,3.9,6.1,8.8,88
268,1140,KPMG,Business Analyst,1,3.6,8.2,16.0,87
269,6905,Fiserv,Business Analyst,3,7.0,11.6,20.0,86
270,5289,Zensar Technologies,Business Analyst,2,4.1,6.7,14.5,85
271,6445,Legato Health Technologies,Business Analyst,3,5.0,8.0,14.0,85
272,5643,Swiggy,Business Analyst,1,8.0,13.2,16.5,85
273,2750,GEP Worldwide,Business Analyst,0,5.0,6.4,8.5,84
274,3854,Intellect Design Arena,Business Analyst,2,5.8,11.2,16.7,83
275,8135,Standard Chartered Global Business Services,Business Analyst,2,5.6,12.7,23.2,81
276,8247,ZS,Business Analyst,1,7.0,9.6,12.8,80
277,8221,Concentrix Corporation,Business Analyst,1,2.8,5.4,12.0,80
278,1921,Reliance jio,Business Analyst,1,3.6,6.8,15.0,79
279,3848,NatWest Group,Business Analyst,2,3.5,9.5,18.8,79
280,2691,IQVIA,Business Analyst,1,4.5,8.3,16.7,78
281,4898,PwC,Business Analyst,1,4.5,9.9,17.5,77
282,5810,ValueMomentum,Business Analyst,1,3.8,6.1,9.5,75
283,8392,ADP Solutions,Business Analyst,3,5.3,8.2,15.1,74
284,8346,Provana,Business Analyst,1,3.5,4.8,6.5,73
285,7378,ANR Software,Business Analyst,1,3.1,4.5,7.0,71
286,5916,WNS,Business Analyst,1,3.8,6.8,12.0,69
287,4347,Oracle Financial Services Software,Business Analyst,3,5.6,10.2,16.5,69
288,2581,RevGurus Info India,Business Analyst,0,5.8,8.3,11.0,68
289,5789,Sapiens,Business Analyst,2,8.0,12.5,16.7,67
290,4982,Etech Global Services,Business Analyst,1,4.4,6.4,8.4,67
291,4049,Citibank,Business Analyst,2,8.0,16.7,24.3,66
292,6179,Coforge,Business Analyst,5,8.3,16.1,24.0,66
293,6543,ABC,Business Analyst,3,5.2,13.6,25.0,63
294,6658,Merkle Sokrati,Business Analyst,0,4.2,4.5,5.0,61
295,7891,First Source,Business Analyst,1,2.7,4.4,7.0,60
296,3364,Meesho,Business Analyst,0,8.5,14.0,18.0,60
297,3070,Ebix Software India,Business Analyst,2,4.5,7.0,11.5,60
298,3864,Indus Valley Partners,Business Analyst,1,14.0,17.0,20.0,60
299,7264,Schlumberger,Business Analyst,3,9.0,14.5,21.0,59
300,5586,Capita,Business Analyst,1,2.3,5.9,13.0,58
301,4648,CRMnext,Business Analyst,1,5.0,6.6,8.0,58
302,1910,NeoSoft Technologies,Business Analyst,1,3.1,6.9,10.0,57
303,4406,NSE.IT,Business Analyst,1,3.5,6.8,12.5,56
304,8516,Nokia,Business Analyst,2,5.5,9.3,16.6,56
305,8166,Capco Technologies,Business Analyst,3,6.0,13.9,22.0,56
306,6012,eClerx,Business Analyst,1,2.3,3.7,9.3,55
307,7955,Affine Analytics,Business Analyst,0,6.0,6.8,8.3,55
308,6869,Exela Technologies,Business Analyst,3,5.1,8.3,12.0,54
309,8158,Analytics Quotient,Business Analyst,1,4.0,5.3,6.8,53
310,6463,NIIT Technologies,Business Analyst,3,7.0,11.1,17.8,53
311,6317,QualityKiosk Technologies,Business Analyst,2,3.6,7.7,13.0,53
312,3504,Fidelity Investment,Business Analyst,2,6.8,9.9,16.0,53
313,8269,Altisource,Business Analyst,2,3.3,5.5,9.0,52
314,6308,Polestar Solutions & Services India,Business Analyst,0,4.2,6.1,8.8,52
315,1955,Veeraraghavan & Company,Business Analyst,0,1.2,1.7,2.3,52
316,1490,Verizon,Business Analyst,3,6.3,10.5,16.3,51
317,3225,BYJU'S,Business Analyst,1,4.0,7.7,13.0,51
318,8151,Bank of America,Business Analyst,3,8.1,14.1,21.5,51
319,4840,Better.com,Business Analyst,1,6.0,7.8,11.2,51
320,2920,KJ System,Business Analyst,1,2.4,2.9,3.6,50
321,3477,ValueLabs,Business Analyst,4,6.1,11.3,18.5,50
322,7643,Xyz Company,Business Analyst,3,4.4,12.3,23.0,50
323,6286,IndusInd Bank,Business Analyst,2,4.0,8.0,14.3,49
324,3570,Vinculum Solutions,Business Analyst,1,6.0,8.8,13.0,49
325,6981,Confidential,Business Analyst,1,4.2,8.3,16.0,49
326,7654,Infosys BPM,Business Analyst,0,2.5,6.0,13.0,49
327,2332,General Mills,Business Analyst,2,7.0,9.7,12.0,48
328,6733,Yash Technologies,Business Analyst,4,6.1,8.9,12.3,48
329,8293,Shipco Transport,Business Analyst,1,2.1,3.4,5.0,48
330,4542,Aon,Business Analyst,2,3.5,5.4,9.6,48
331,3305,Persistent Systems,Business Analyst,4,8.5,12.5,18.4,48
332,5723,Unisys,Business Analyst,2,4.0,7.7,12.0,48
333,8884,Azentio,Business Analyst,0,4.3,7.1,11.0,47
334,5848,Synechron,Business Analyst,4,9.9,16.4,22.0,46
335,5704,Ford Motor,Business Analyst,2,2.9,8.1,14.0,46
336,6202,Birlasoft,Business Analyst,2,4.5,8.5,15.0,45
337,5757,Cybage,Business Analyst,5,10.1,14.6,20.0,45
338,7343,Lentra AI,Business Analyst,1,4.1,6.8,11.0,45
339,5725,N+A,Business Analyst,1,2.5,6.3,11.0,44
340,5330,IVY Comptech,Business Analyst,4,8.5,14.6,20.0,44
341,6304,S&P Global,Business Analyst,3,7.5,11.1,17.0,44
342,8355,Gartner,Business Analyst,1,10.0,14.2,19.0,44
343,5784,Acidaes Solutions,Business Analyst,2,5.0,7.0,10.0,43
344,1805,Udaan,Business Analyst,1,4.8,11.6,18.0,43
345,5597,Reliance Industries,Business Analyst,2,4.9,8.1,14.4,43
346,6864,Dell EMC,Business Analyst,2,3.8,6.6,10.1,43
347,1260,GlobalLogic,Business Analyst,2,2.5,9.0,20.0,43
348,4239,eClinicalWorks,Business Analyst,2,3.8,5.3,8.3,43
349,8383,ThoughtWorks,Business Analyst,2,8.5,14.7,26.0,43
350,8983,Landmark Group,Business Analyst,2,7.5,11.6,15.0,43
351,5379,Merilytics,Business Analyst,0,5.5,7.0,8.0,42
352,2570,Care Health Insurance,Business Analyst,0,3.3,5.9,8.4,42
353,8704,Epsilon,Business Analyst,2,6.0,9.7,16.5,41
354,8052,Gartner India Research and Advisory Services,Business Analyst,2,10.0,15.4,20.0,41
355,4612,Globant,Business Analyst,3,9.0,13.3,20.9,41
356,8989,Franklin Templeton Investments,Business Analyst,4,4.7,8.2,12.5,40
357,7073,Atidiv,Business Analyst,1,2.2,3.0,4.0,40
358,2955,Maersk,Business Analyst,4,5.0,8.9,16.0,40
359,5049,Pboplus Consulting Services,Business Analyst,0,3.0,4.0,5.2,40
360,3691,Reliance Retail,Business Analyst,1,3.5,7.0,13.0,40
361,5111,Larsen & Toubro Limited,Business Analyst,0,3.8,8.5,14.0,40
362,8570,TEKsystems,Business Analyst,3,7.1,12.0,18.5,40
363,5275,Hindustan Unilever,Business Analyst,2,3.4,7.1,10.7,39
364,7690,Tata Communications,Business Analyst,1,2.9,5.0,9.2,39
365,5978,Ameriprise Financial,Business Analyst,1,3.9,5.9,9.3,39
366,5323,Goldman Sachs,Business Analyst,0,6.5,14.9,30.0,39
367,5204,Factspan Analytics,Business Analyst,1,6.5,8.1,10.0,39
368,6064,MSC Technology India,Business Analyst,1,2.9,4.3,5.7,39
369,3744,Simplify Healthcare,Business Analyst,1,4.0,5.8,9.5,39
370,6436,CMS Computers Limited (INDIA),Business Analyst,1,2.6,4.0,6.0,39
371,1909,Fluentgrid,Business Analyst,2,3.2,5.5,8.8,38
372,6352,Bajaj Finserv,Business Analyst,1,3.8,9.0,13.0,38
373,7099,Ericsson,Business Analyst,3,5.1,9.7,16.0,38
374,4181,Sonata Software,Business Analyst,1,5.0,7.8,11.5,37
375,8230,CitiusTech,Business Analyst,2,6.4,9.0,12.1,37
376,7723,R1 RCM,Business Analyst,1,2.7,3.8,6.7,37
377,1525,TCS,Data Analyst,1,2.4,4.7,8.9,1600
378,5783,Cognizant,Data Analyst,1,2.9,5.5,8.3,1200
379,3384,Accenture,Data Analyst,1,2.3,5.2,11.0,1100
380,3229,Capgemini,Data Analyst,0,3.0,4.6,9.0,485
381,3865,Wipro,Data Analyst,1,2.2,4.8,9.0,475
382,4313,GlobalLogic,Data Analyst,1,2.0,2.5,3.5,415
383,7435,Tech Mahindra,Data Analyst,1,2.2,4.6,7.5,397
384,7620,Amazon,Data Analyst,1,2.5,5.2,15.3,380
385,5722,Infosys,Data Analyst,1,3.4,5.7,12.0,323
386,4754,HCL Technologies,Data Analyst,1,2.4,4.5,9.5,320
387,8750,eClerx,Data Analyst,0,2.0,2.5,3.9,302
388,5265,IBM,Data Analyst,2,4.0,7.6,15.5,297
389,1932,Ernst & Young,Data Analyst,1,3.4,5.8,10.5,297
390,7089,Flipkart,Data Analyst,1,3.2,5.9,12.0,241
391,1715,Genpact,Data Analyst,1,2.5,4.7,9.0,228
392,7423,Optum,Data Analyst,2,6.0,12.8,19.0,219
393,5924,Concentrix Corporation,Data Analyst,1,2.4,3.9,6.3,209
394,1495,Deloitte,Data Analyst,1,4.3,7.6,13.0,202
395,7677,Zen3 Info Solutions,Data Analyst,1,2.2,3.1,4.2,188
396,7125,Unilog Content Solutions ( P),Data Analyst,1,2.0,2.5,3.2,181
397,4866,Cogencis Information Services,Data Analyst,1,1.2,1.7,2.6,175
398,5305,UnitedHealth,Data Analyst,2,3.3,10.7,18.0,171
399,4292,Qualsquad Infotech,Data Analyst,0,1.1,2.0,3.0,149
400,2746,NTT DATA,Data Analyst,1,2.1,4.3,8.0,138
401,7855,InnovAccer,Data Analyst,0,5.0,9.2,13.0,137
402,8565,Teleperformance,Data Analyst,1,1.8,2.4,4.4,132
403,1372,Mindtree,Data Analyst,1,4.0,5.6,9.6,132
404,4169,Ericsson,Data Analyst,2,4.0,5.8,10.0,126
405,8066,Apex CoVantage,Data Analyst,0,1.1,1.8,3.0,123
406,8119,Tiger Analytics,Data Analyst,0,7.5,8.8,12.0,120
407,6492,Cyient,Data Analyst,1,1.8,3.4,6.7,119
408,6332,Urjanet Energy Solutions,Data Analyst,1,2.0,2.7,4.2,118
409,8641,HSBC,Data Analyst,1,3.4,8.0,12.4,117
410,4076,DXC Technology,Data Analyst,1,3.7,5.4,10.2,109
411,8361,QUADRANT RESOURCE LLC,Data Analyst,1,1.5,3.0,4.0,109
412,4918,PwC,Data Analyst,0,3.2,6.3,12.0,108
413,2323,LatentView Analytics,Data Analyst,0,5.0,6.3,9.0,104
414,7136,EXL Service,Data Analyst,1,2.2,5.0,9.1,102
415,1520,KPMG,Data Analyst,1,3.0,6.7,12.0,100
416,3875,WNS,Data Analyst,1,2.0,5.2,8.9,98
417,7181,Myntra,Data Analyst,1,4.8,9.6,14.0,98
418,7233,IQVIA,Data Analyst,1,4.1,7.3,12.0,96
419,4383,Ugam Solution,Data Analyst,0,1.8,4.6,8.0,92
420,6109,Bharti Airtel,Data Analyst,1,2.6,4.6,11.0,90
421,6498,ICICI Bank,Data Analyst,1,2.5,4.9,10.0,82
422,8086,Walmart,Data Analyst,1,3.8,13.9,30.0,81
423,1929,JP Morgan Chase,Data Analyst,2,4.1,10.0,20.0,81
424,8720,Kantar,Data Analyst,1,3.0,4.2,5.7,79
425,6312,S&P Global,Data Analyst,1,3.1,4.4,8.0,79
426,2787,Axtria,Data Analyst,0,6.0,8.8,13.5,77
427,7507,L&T Infotech,Data Analyst,1,3.8,6.6,14.5,77
428,8608,Nielsen,Data Analyst,1,2.4,4.0,7.3,75
429,1390,Citicorp,Data Analyst,1,8.5,12.2,17.1,75
430,3695,Morningstar,Data Analyst,0,3.0,3.6,4.8,74
431,7277,TheMathCompany,Data Analyst,0,4.5,5.2,8.0,73
432,2940,Hewlett-Packard Enterprise,Data Analyst,2,3.5,6.6,10.0,72
433,1814,Datamatics Global Services,Data Analyst,0,1.0,2.1,5.4,72
434,6717,HERE Technologies,Data Analyst,0,2.0,2.6,4.0,72
435,4960,HDFC Bank,Data Analyst,1,2.0,4.6,10.3,69
436,5694,Nvidia,Data Analyst,1,2.5,3.3,4.1,69
437,4017,Dell,Data Analyst,1,2.5,5.8,12.0,68
438,8562,Zensar Technologies,Data Analyst,1,2.9,4.4,6.5,67
439,2088,Vodafone Idea,Data Analyst,2,3.0,5.7,11.0,67
440,1519,Ardem Data Services,Data Analyst,0,1.1,1.9,3.0,67
441,2675,Fiserv,Data Analyst,2,6.0,11.5,17.0,66
442,1742,Verificient Technologies,Data Analyst,0,1.8,2.2,3.3,65
443,3495,CRG Solutions,Data Analyst,1,3.7,5.8,9.0,64
444,6385,Oracle,Data Analyst,1,3.1,5.8,13.9,64
445,2623,Google,Data Analyst,1,2.6,15.5,50.0,63
446,3511,Swiggy,Data Analyst,1,3.1,4.4,7.3,62
447,7027,Kriya It,Data Analyst,0,1.0,1.6,2.5,61
448,3379,Reliance jio,Data Analyst,1,3.5,5.6,10.5,58
449,8651,Mphasis,Data Analyst,1,2.1,5.1,9.5,58
450,6454,Wells Fargo India,Data Analyst,1,3.1,10.3,20.0,55
451,6466,FE fundinfo,Data Analyst,0,2.5,3.3,4.0,55
452,7278,Oyo Rooms,Data Analyst,1,3.4,6.5,11.5,54
453,4321,Competent Software,Data Analyst,1,2.0,3.1,4.1,54
454,4323,Udaan,Data Analyst,1,3.0,5.0,9.0,53
455,3482,Continental Automotive Components,Data Analyst,1,2.2,2.6,3.5,53
456,1322,E2OPEN,Data Analyst,2,3.2,4.1,5.7,53
457,8508,IHS Markit,Data Analyst,1,3.5,5.8,9.5,52
458,2174,Fidelity National Financial,Data Analyst,0,1.9,3.3,4.2,51
459,4312,Proziod Analytics,Data Analyst,1,3.0,3.5,4.5,51
460,3373,American Express,Data Analyst,1,3.2,9.5,18.0,50
461,8817,Bajaj Finserv,Data Analyst,0,2.0,6.5,12.0,49
462,7371,Optimint Solutions,Data Analyst,0,1.7,2.2,3.0,49
463,2803,Mu Sigma,Data Analyst,1,5.0,7.8,14.5,48
464,5713,Course5,Data Analyst,0,3.0,3.5,5.1,48
465,6753,Paytm,Data Analyst,2,3.0,6.0,12.5,48
466,1911,Straive,Data Analyst,0,1.8,2.4,3.0,48
467,6918,Honeywell Technology Solutions,Data Analyst,2,5.0,9.4,13.0,47
468,8649,Intelligent Image Management Inc,Data Analyst,0,0.2,1.4,2.0,47
469,1980,UnitedLex,Data Analyst,1,2.5,3.1,4.2,47
470,1325,Fidelity National Information Services,Data Analyst,1,2.7,5.0,8.1,46
471,6689,Barclays,Data Analyst,1,6.5,11.2,19.0,46
472,4277,Novartis Healthcare,Data Analyst,2,6.7,10.3,14.2,46
473,7627,R1 RCM,Data Analyst,1,2.3,3.4,5.5,45
474,2597,Nokia,Data Analyst,0,2.2,4.2,8.0,45
475,6775,Bahar Infocons,Data Analyst,1,1.4,2.2,3.1,45
476,6616,Axis Bank,Data Analyst,0,4.0,8.2,14.0,45
477,4686,Freelancer.com,Data Analyst,1,1.5,3.7,7.0,45
478,6510,Virtusa Consulting Services,Data Analyst,1,2.2,4.2,8.8,44
479,2584,Aon,Data Analyst,0,2.9,4.6,8.5,43
480,3365,Conduent,Data Analyst,1,1.6,3.9,6.4,42
481,1396,Schneider Electric,Data Analyst,1,3.0,6.3,12.1,42
482,5831,Citibank,Data Analyst,0,4.1,10.4,15.8,42
483,7248,Sphera Solutions,Data Analyst,0,3.2,3.4,3.8,42
484,5005,Systech Solutions,Data Analyst,0,3.8,4.7,7.5,41
485,6589,Ford Motor,Data Analyst,1,5.0,9.6,13.1,41
486,6564,First Source,Data Analyst,1,1.5,2.7,4.9,40
487,6582,S&P Global Market Intelligence,Data Analyst,1,3.0,4.1,6.1,40
488,5579,UST,Data Analyst,2,3.8,7.4,12.0,40
489,4728,SG Analytics,Data Analyst,1,3.0,4.6,6.3,39
490,3255,Indegene,Data Analyst,1,7.5,9.0,10.9,38
491,5864,Cisco Systems,Data Analyst,3,4.0,9.0,21.7,38
492,6388,Huawei Technologies,Data Analyst,2,3.3,4.3,5.8,38
493,6701,Data Entry,Data Analyst,0,0.2,1.7,3.4,38
494,6586,Shell,Data Analyst,2,6.0,13.3,21.7,37
495,6619,Harman Connected Services,Data Analyst,2,3.5,6.0,12.6,37
496,1330,Johnson & Johnson,Data Analyst,1,3.0,5.0,10.5,37
497,6816,InSync Analytics,Data Analyst,1,1.9,2.5,3.3,37
498,1981,Larsen & Toubro Limited,Data Analyst,1,2.0,5.0,9.0,37
499,4580,Yardi Systems,Data Analyst,2,2.7,3.7,4.6,36
500,8679,Freelance Consultants,Data Analyst,1,1.8,3.8,6.1,36
501,5865,Brillio,Data Analyst,0,4.0,5.8,11.0,36
502,8908,Yodlee,Data Analyst,1,3.9,5.5,8.6,35
503,8921,ABC,Data Analyst,1,3.0,9.6,24.0,35
504,2886,JLL,Data Analyst,1,3.5,5.4,9.2,35
505,4670,Sapient Corporation,Data Analyst,2,5.0,7.9,12.0,35
506,2895,ZS,Data Analyst,1,7.0,10.6,16.0,35
507,7987,Uber,Data Analyst,1,6.5,13.0,30.0,35
508,6360,Numeratr,Data Analyst,0,2.0,3.0,4.4,35
509,5656,Yukthi Datasoft,Data Analyst,1,1.5,2.1,2.9,34
510,8307,Infosys BPM,Data Analyst,1,2.1,3.8,7.8,34
511,5134,Hexaware Technologies,Data Analyst,1,0.2,6.4,14.0,33
512,6855,Ganit Business Solutions,Data Analyst,0,6.0,6.0,6.0,33
513,3763,Fractal Analytics,Data Analyst,1,4.9,9.9,17.5,33
514,6545,CAMP Systems,Data Analyst,1,3.0,3.8,4.6,32
515,1608,Indium Software,Data Analyst,0,4.0,7.0,11.0,32
516,6180,Data Gyan,Data Analyst,0,1.5,1.8,2.0,32
517,7886,Randstad,Data Analyst,1,2.5,4.2,8.0,31
518,8564,Epsilon,Data Analyst,1,5.5,9.9,16.1,31
519,8288,N+A,Data Analyst,0,2.1,3.7,6.0,31
520,4018,The Smart Cube,Data Analyst,0,6.3,7.7,9.0,31
521,1826,Dataction Analytics,Data Analyst,0,1.9,2.6,3.5,31
522,7748,TSWRDC WOMEN'S DEGREE COLLEGE,Data Analyst,0,2.0,2.5,3.5,31
523,2819,LiquidHub,Data Analyst,0,1.4,2.6,5.0,30
524,6902,Sutherland Global Services,Data Analyst,1,2.8,4.8,7.3,30
525,3067,ValueLabs,Data Analyst,1,2.4,5.1,13.8,30
526,1755,HCL Technologies BPO Services,Data Analyst,1,1.9,2.9,5.0,30
527,1130,HUDL,Data Analyst,0,2.0,2.9,3.8,30
528,8971,Mercedes-Benz Research & Development India,Data Analyst,1,7.5,10.2,15.0,30
529,3174,Whitehat jr,Data Analyst,1,4.3,5.9,8.0,30
530,3254,Caterpillar Inc,Data Analyst,1,3.6,6.2,10.5,29
531,8159,General Mills,Data Analyst,0,5.3,7.0,9.2,29
532,1298,BYJU'S,Data Analyst,1,5.0,7.0,15.4,29
533,8425,Hinduja Global Solutions,Data Analyst,1,2.0,3.7,6.5,29
534,8410,Mercer,Data Analyst,0,2.3,4.8,8.5,29
535,8838,Bridgei2i Analytics Solutions,Data Analyst,0,4.5,5.3,7.8,29
536,4586,Annalect,Data Analyst,0,3.6,5.6,7.5,29
537,8212,Verizon,Data Analyst,1,6.4,11.4,17.8,28
538,6087,McKinsey & Company,Data Analyst,1,9.0,15.3,20.0,28
539,6301,ITC Infotech India,Data Analyst,0,3.7,7.9,16.0,28
540,6455,Vaco Binary Semantics,Data Analyst,0,2.4,3.7,6.0,28
541,4568,FedEx Express,Data Analyst,0,3.3,7.4,12.0,28
542,8142,Galytix Analytics,Data Analyst,0,6.0,6.0,6.0,28
543,3409,VeeTechnologies,Data Analyst,1,1.2,1.9,2.4,28
544,3897,APA Engineering,Data Analyst,0,1.5,2.0,3.1,27
545,3711,Tesco,Data Analyst,1,3.9,5.5,8.9,27
546,7589,UBS,Data Analyst,1,6.0,9.4,15.5,27
547,8738,BCG,Data Analyst,2,6.0,11.9,19.4,27
548,4827,Reliance Industries,Data Analyst,1,2.2,6.3,9.0,26
549,7494,Collegedunia,Data Analyst,1,3.0,4.0,5.4,26
550,5794,Thomson Reuters,Data Analyst,1,2.1,4.1,6.9,26
551,7130,Tata Communications,Data Analyst,0,2.1,3.9,5.1,26
552,6799,Cerner,Data Analyst,1,5.2,7.3,10.5,26
553,6934,Sandcube Analytics,Data Analyst,0,1.1,2.3,3.6,26
554,5734,Bank of America,Data Analyst,2,5.5,13.9,20.0,26
555,3953,Stats Systems India,Data Analyst,0,1.5,2.1,3.1,26
556,5479,Objectways Technologies,Data Analyst,0,1.2,1.5,2.0,26
557,2634,Target,Data Analyst,1,2.9,8.8,13.0,25
558,2135,PayPal,Data Analyst,1,8.0,17.2,30.0,25
559,2650,NISC Export Services,Data Analyst,1,2.3,3.2,5.0,25
560,2214,ANZ Banking Group,Data Analyst,2,4.4,9.8,15.6,25
561,1609,Hive,Data Analyst,0,3.5,4.2,5.8,25
562,5913,Crif High Mark Credit Information Services,Data Analyst,2,3.8,5.5,8.0,25
563,4584,Pacecom Technologies,Data Analyst,0,2.0,2.1,2.6,25
564,5403,TCS,Data Engineer,1,3.9,5.8,10.1,819
565,5985,IBM,Data Engineer,1,4.8,10.4,18.0,727
566,6440,L&T Infotech,Data Engineer,1,4.1,5.7,9.0,420
567,1403,Accenture,Data Engineer,1,5.0,9.0,16.8,332
568,8967,Cognizant,Data Engineer,1,4.5,7.5,13.3,292
569,3793,EC-Mobility,Data Engineer,1,1.8,2.1,2.6,259
570,4299,Capgemini,Data Engineer,1,4.0,7.4,13.5,231
571,8920,Infosys,Data Engineer,1,3.6,5.5,10.0,196
572,8265,Fractal Analytics,Data Engineer,2,8.0,11.8,18.0,184
573,2453,Wipro,Data Engineer,1,4.0,6.6,14.5,175
574,4338,Amazon,Data Engineer,2,11.0,22.0,40.0,166
575,1944,Quantiphi Analytics Solutions,Data Engineer,0,6.5,10.4,15.0,140
576,5805,Tech Mahindra,Data Engineer,2,4.2,6.5,13.0,130
577,4495,Mindtree,Data Engineer,1,3.9,6.0,9.9,124
578,4021,DXC Technology,Data Engineer,1,3.8,6.6,12.0,122
579,7790,Deloitte,Data Engineer,1,6.0,11.8,18.0,116
580,5491,Walmart,Data Engineer,3,15.0,22.1,31.9,88
581,8350,Optum,Data Engineer,2,7.9,11.1,16.8,80
582,4667,Shell,Data Engineer,1,8.0,17.2,24.0,79
583,1550,HCL Technologies,Data Engineer,1,3.5,9.0,18.0,79
584,2614,Futurense Technologies,Data Engineer,1,7.0,9.5,12.0,72
585,5818,Tiger Analytics,Data Engineer,1,7.0,14.0,21.0,69
586,3148,Teradata,Data Engineer,3,8.8,13.6,17.5,68
587,1885,Altimetrik,Data Engineer,1,6.5,12.6,22.0,59
588,4189,Ernst & Young,Data Engineer,2,5.2,12.8,20.0,59
589,3776,Maersk,Data Engineer,2,7.8,17.0,27.8,55
590,2933,UnitedHealth,Data Engineer,2,6.3,10.3,17.3,53
591,5233,Genpact,Data Engineer,1,3.2,6.8,14.0,47
592,6910,PayPal,Data Engineer,4,12.8,21.6,31.0,44
593,6103,Enquero,Data Engineer,1,6.2,9.5,15.0,41
594,4869,DataMetica,Data Engineer,0,4.0,6.4,10.7,41
595,2846,Ericsson,Data Engineer,2,5.3,10.6,17.5,40
596,1308,GE,Data Engineer,3,9.6,12.8,16.0,39
597,8734,Target,Data Engineer,0,10.0,12.9,17.7,38
598,6343,Brillio,Data Engineer,0,4.5,7.7,13.3,38
599,6891,ZS,Data Engineer,1,9.0,11.7,16.0,37
600,2537,Hewlett-Packard Enterprise,Data Engineer,2,4.5,8.4,18.0,36
601,2809,Reliance jio,Data Engineer,1,4.5,8.2,13.0,35
602,5224,Sapient Corporation,Data Engineer,2,9.2,13.5,17.0,34
603,8736,Larsen & Toubro Limited,Data Engineer,1,4.0,5.8,10.5,34
604,2516,JP Morgan Chase,Data Engineer,4,8.0,18.7,29.0,32
605,5049,Societe Generale,Data Engineer,2,9.6,16.8,23.0,31
606,3209,Bajaj Finserv,Data Engineer,0,8.0,10.9,12.5,30
607,4795,Bharti Airtel,Data Engineer,2,3.0,4.0,7.5,30
608,1567,Bank of America,Data Engineer,2,8.1,15.1,22.0,30
609,2911,Mphasis,Data Engineer,1,4.2,10.1,19.0,30
610,8199,Fragma Data Systems,Data Engineer,0,3.5,5.5,11.9,30
611,5796,NTT DATA,Data Engineer,2,4.1,10.4,25.0,29
612,7031,PwC,Data Engineer,1,5.5,10.0,16.5,29
613,4222,KPMG,Data Engineer,2,7.0,12.3,18.0,28
614,7442,UST,Data Engineer,1,3.5,9.8,17.0,27
615,6201,Virtusa Consulting Services,Data Engineer,1,4.2,9.0,20.0,27
616,2469,DBS Bank,Data Engineer,2,9.1,13.6,24.0,27
617,6026,Koch Business Solutions,Data Engineer,4,12.0,23.6,34.0,27
618,7134,Lowe's,Data Engineer,1,10.0,12.1,14.3,26
619,1593,BA Continuum,Data Engineer,4,12.0,16.5,22.8,26
620,1677,Dell,Data Engineer,1,5.5,12.8,20.0,26
621,2478,Data Semantics,Data Engineer,3,4.5,8.9,15.5,25
622,4168,BlazeClan Technologies,Data Engineer,0,3.2,5.5,9.6,24
623,1045,Microsoft Corporation,Data Engineer,3,13.0,25.1,40.1,24
624,6418,DataWeave,Data Engineer,1,5.5,8.2,12.0,23
625,6158,Celebal Technologies,Data Engineer,0,4.5,5.5,10.0,23
626,8377,SpringML,Data Engineer,1,5.5,9.7,14.0,23
627,6914,TEKsystems,Data Engineer,1,6.0,9.7,18.0,23
628,6104,NatWest Group,Data Engineer,2,11.1,20.4,32.0,23
629,4956,Saama Technologies,Data Engineer,2,6.0,9.7,14.5,22
630,5474,GE Aviation,Data Engineer,2,9.0,12.2,16.0,22
631,8043,Affine Analytics,Data Engineer,0,6.0,7.7,12.0,22
632,6322,Wells Fargo India,Data Engineer,3,10.1,15.2,22.0,21
633,6759,EXL Service,Data Engineer,2,6.0,10.3,14.1,20
634,8459,McKinsey & Company,Data Engineer,2,10.0,18.5,25.0,20
635,2298,Cisco Systems,Data Engineer,3,12.0,19.3,28.0,20
636,8618,IDFC FIRST Bank,Data Engineer,1,8.5,15.4,21.9,20
637,4803,ValueLabs,Data Engineer,1,5.0,10.3,23.5,20
638,3443,Paytm,Data Engineer,2,5.8,13.9,23.0,20
639,7148,Blackbuck Insights,Data Engineer,0,2.5,4.2,8.5,20
640,7078,Lumen Technologies,Data Engineer,1,4.5,6.6,9.2,20
641,7409,Micron Technology,Data Engineer,3,8.4,12.9,18.0,20
642,7952,GE Healthcare,Data Engineer,3,10.0,12.3,17.0,19
643,2176,IQVIA,Data Engineer,2,5.5,10.5,15.0,19
644,3333,SG Analytics,Data Engineer,0,5.2,7.3,12.0,19
645,7965,Wavicle Data Solutions,Data Engineer,2,3.5,5.1,7.2,19
646,8186,Mercedes-Benz Research & Development India,Data Engineer,1,7.0,13.1,19.0,19
647,6312,LatentView Analytics,Data Engineer,0,5.3,7.2,12.0,19
648,4369,Schlumberger,Data Engineer,2,6.5,13.7,22.5,19
649,2757,Adobe,Data Engineer,3,14.0,23.7,34.0,18
650,7274,Commonwealth Bank of Australia,Data Engineer,2,9.9,19.9,28.8,18
651,4142,NCR Corporation,Data Engineer,1,6.2,9.5,13.5,18
652,8181,ITC Infotech India,Data Engineer,1,4.1,6.8,13.0,18
653,6615,Novartis Healthcare,Data Engineer,2,9.5,15.0,19.5,18
654,4764,Legato Health Technologies,Data Engineer,2,8.3,10.8,13.5,18
655,4104,Honeywell Technology Solutions,Data Engineer,0,5.0,11.2,26.0,17
656,1687,Hexaware Technologies,Data Engineer,1,3.5,11.7,23.5,17
657,8621,Impetus Technologies,Data Engineer,1,11.5,13.1,16.0,17
658,5920,Bridgei2i Analytics Solutions,Data Engineer,0,5.0,6.7,10.0,17
659,7597,Verizon,Data Engineer,1,5.6,10.5,15.5,16
660,8623,Systech Solutions,Data Engineer,0,3.3,4.1,4.5,16
661,1809,Ab Inbev,Data Engineer,4,8.2,16.5,24.0,16
662,5226,Neal Analytics,Data Engineer,1,6.8,10.5,16.0,16
663,8074,TheMathCompany,Data Engineer,2,7.0,9.3,13.2,16
664,8440,Atos Syntel,Data Engineer,2,3.8,7.3,12.0,16
665,5617,Lumiq.ai,Data Engineer,0,6.0,8.1,9.5,16
666,2078,Axis Bank,Data Engineer,0,7.7,11.1,14.7,16
667,4409,Google,Data Engineer,3,16.5,45.3,93.5,16
668,7858,Maersk Line,Data Engineer,2,8.0,12.8,21.0,15
669,5289,AstraZeneca,Data Engineer,1,6.8,9.3,13.5,15
670,2629,Amdocs,Data Engineer,0,6.1,8.9,13.0,15
671,5215,MasterCard,Data Engineer,0,13.0,15.1,18.0,15
672,3322,Morgan Stanley,Data Engineer,3,11.0,20.5,26.0,14
673,3308,Tavant Technologies,Data Engineer,1,5.8,10.1,20.0,14
674,3842,Flipkart,Data Engineer,2,9.5,17.5,25.0,14
675,3417,Michelin,Data Engineer,0,7.7,9.8,11.3,14
676,4914,Concentrix Corporation,Data Engineer,1,2.6,3.7,4.5,14
677,7726,Siemens,Data Engineer,1,6.8,12.9,16.0,14
678,8755,Mu Sigma,Data Engineer,1,5.5,8.4,12.0,13
679,2147,Expedia,Data Engineer,4,20.0,27.6,40.0,13
680,2567,Decision Point,Data Engineer,0,4.8,5.9,7.0,13
681,8059,Adidas,Data Engineer,1,14.5,23.0,34.0,13
682,5990,Nokia,Data Engineer,1,3.6,10.7,24.5,13
683,5708,Oil Field Instrumentation,Data Engineer,6,1.2,6.9,11.1,13
684,5566,Atos,Data Engineer,2,3.7,8.5,17.8,13
685,5427,Bitwise Solutions,Data Engineer,0,3.8,6.1,9.0,13
686,8208,Ford Motor,Data Engineer,0,5.7,10.1,15.9,13
687,4158,Persistent Systems,Data Engineer,1,4.2,11.6,20.4,13
688,3401,Indium Software,Data Engineer,0,3.6,6.8,11.5,13
689,8353,Citicorp,Data Engineer,2,13.5,17.9,20.0,13
690,5406,The Data Team,Data Engineer,1,8.5,11.5,15.0,13
691,2086,Cittabase Solutions,Data Engineer,3,5.0,7.9,10.3,13
692,3700,NIKE,Data Engineer,3,14.1,21.3,29.0,13
693,1105,Kyndryl,Data Engineer,2,8.5,12.8,16.0,13
694,2377,Dunnhumby,Data Engineer,1,8.7,12.3,18.5,12
695,7558,Advance Auto Parts,Data Engineer,3,10.2,13.3,15.5,12
696,1092,Rackspace,Data Engineer,3,11.0,16.3,21.6,12
697,3271,Tredence,Data Engineer,2,7.0,11.4,16.0,12
698,4433,Expert Global Solutions,Data Engineer,0,1.1,2.1,3.1,12
699,2256,Cerner,Data Engineer,2,6.0,9.9,14.0,12
700,3995,Searce Cosourcing Services,Data Engineer,1,5.0,7.4,12.5,12
701,7725,Eli Lilly and Company,Data Engineer,3,16.0,18.4,22.0,12
702,4723,ValueMomentum,Data Engineer,1,4.5,10.6,21.3,12
703,4253,InfoStretch,Data Engineer,1,4.2,10.5,18.0,12
704,4383,Nagarro,Data Engineer,2,7.0,13.1,25.0,12
705,3800,KPI Partners,Data Engineer,1,5.0,12.0,22.0,12
706,6560,HSBC,Data Engineer,1,6.5,9.7,18.0,12
707,4334,Bosch Global Software Technologies,Data Engineer,1,3.8,7.1,14.0,11
708,5251,Axtria,Data Engineer,1,7.5,11.4,15.3,11
709,8444,Visa,Data Engineer,1,16.5,28.7,37.0,11
710,2213,Happiest Minds Technologies,Data Engineer,0,4.0,8.0,14.8,11
711,4178,BYJU'S,Data Engineer,1,4.5,9.7,19.5,11
712,4306,Yash Technologies,Data Engineer,0,3.2,5.3,8.0,11
713,5751,GE Digital,Data Engineer,4,8.3,12.6,18.3,11
714,4373,GSK Pharmaceuticals,Data Engineer,5,19.0,23.1,27.0,11
715,3072,Rakuten,Data Engineer,0,8.5,13.3,18.5,11
716,8897,InnovAccer,Data Engineer,1,5.0,8.2,15.0,11
717,7854,nThrive Global Solutions,Data Engineer,2,7.8,11.8,17.6,11
718,7944,AI Touch,Data Engineer,0,2.0,2.3,3.0,11
719,8022,Autodesk,Data Engineer,0,6.4,26.5,40.0,11
720,6985,Knoema IT Solutions,Data Engineer,0,2.0,3.3,4.1,11
721,5736,Ecolab Digital Center,Data Engineer,2,8.5,11.5,18.0,11
722,7251,Apple,Data Engineer,3,17.0,25.0,35.0,11
723,6029,AVASOFT,Data Engineer,0,3.5,4.0,4.9,10
724,8998,i2e Consulting,Data Engineer,2,9.0,13.1,16.5,10
725,2834,Birlasoft,Data Engineer,2,5.2,11.1,20.1,10
726,5859,EPAM Systems,Data Engineer,4,8.8,17.3,24.0,10
727,5390,Xyz Company,Data Engineer,1,6.0,12.3,21.0,10
728,2744,Colgate Palmolive,Data Engineer,1,6.0,10.7,15.0,10
729,7828,BCG,Data Engineer,2,14.5,17.2,19.5,10
730,5835,Apisero,Data Engineer,1,8.0,13.5,18.0,10
731,5599,Fidelity Investment,Data Engineer,1,11.0,13.3,16.7,10
732,7336,Oracle,Data Engineer,2,7.0,14.6,25.0,10
733,2072,Accion Labs,Data Engineer,3,8.0,18.1,30.0,9
734,5169,Dun & Bradstreet,Data Engineer,3,8.6,11.4,15.4,9
735,6912,Webhelp,Data Engineer,3,8.5,10.7,14.0,9
736,5376,Ags Infotech,Data Engineer,2,4.4,5.0,5.5,9
737,6069,Synechron,Data Engineer,4,12.5,17.3,24.0,9
738,4641,GEP Worldwide,Data Engineer,2,10.1,13.0,15.0,9
739,4668,Principal Global Services,Data Engineer,1,9.5,10.2,11.1,9
740,3137,Algonomy,Data Engineer,1,5.0,7.5,13.6,9
741,5165,Sigmoid Analytics,Data Engineer,1,12.8,15.0,18.5,9
742,5935,Vodafone Idea,Data Engineer,1,2.1,11.2,18.0,9
743,5048,Clairvoyant India,Data Engineer,2,5.0,10.5,17.0,9
744,7774,Aktrix Technologies,Data Engineer,0,3.0,4.1,5.5,9
745,6283,ThoughtWorks,Data Engineer,1,10.0,15.7,19.4,9
746,8752,DUNNHUMBY IT SERVICES INDIA,Data Engineer,1,9.0,11.9,14.9,9
747,8937,Baker Hughes,Data Engineer,3,12.0,14.8,16.5,9
748,1144,Denodo Technologies,Data Engineer,0,6.0,8.0,10.5,9
749,8625,Hashedin By Deloitte,Data Engineer,2,11.1,15.0,19.0,9
750,5240,Red Hat,Data Engineer,2,4.5,12.4,17.6,8
751,3833,HDFC Bank,Data Engineer,2,6.5,9.0,12.5,8
752,4637,Accenture,Senior Data Scientist,3,10.5,18.9,30.5,80
753,6847,TCS,Senior Data Scientist,4,8.6,16.7,30.0,79
754,8996,Cognizant,Senior Data Scientist,4,12.0,17.9,25.2,57
755,5663,Fractal Analytics,Senior Data Scientist,4,18.0,25.6,32.0,47
756,6528,Ab Inbev,Senior Data Scientist,3,22.0,28.0,35.0,44
757,1748,Wipro,Senior Data Scientist,4,8.0,16.1,30.0,43
758,6043,Deloitte,Senior Data Scientist,5,14.0,21.2,35.0,42
759,6193,Walmart,Senior Data Scientist,5,30.0,43.0,65.0,32
760,2608,Amazon,Senior Data Scientist,5,26.0,41.5,75.0,30
761,3673,UnitedHealth,Senior Data Scientist,4,15.6,23.0,30.5,30
762,4333,Ernst & Young,Senior Data Scientist,4,15.0,21.4,30.0,29
763,2627,Optum,Senior Data Scientist,5,18.0,26.2,36.0,28
764,3051,Impact Analytics,Senior Data Scientist,2,9.0,13.4,19.0,28
765,1513,Incedo,Senior Data Scientist,3,15.0,18.9,25.0,26
766,5422,IBM,Senior Data Scientist,5,14.0,24.4,36.0,25
767,2450,Target,Senior Data Scientist,2,15.5,23.8,30.0,25
768,7062,Infosys,Senior Data Scientist,4,9.0,18.1,30.0,25
769,5031,TVS Credit Services,Senior Data Scientist,4,11.5,14.7,21.0,24
770,6880,Ericsson,Senior Data Scientist,7,14.2,30.2,50.6,22
771,4852,Microsoft Corporation,Senior Data Scientist,4,30.0,56.4,100.0,22
772,2822,HCL Technologies,Senior Data Scientist,4,14.4,19.3,25.0,22
773,1796,Capgemini,Senior Data Scientist,4,11.5,16.8,26.0,22
774,4469,Dunnhumby,Senior Data Scientist,3,12.0,15.4,22.0,21
775,1406,Birlasoft,Senior Data Scientist,3,8.0,14.3,22.3,20
776,2826,Tech Mahindra,Senior Data Scientist,4,7.1,16.4,25.0,20
777,5305,Affine Analytics,Senior Data Scientist,1,7.6,9.9,16.0,20
778,4608,Wolters Kluwer,Senior Data Scientist,6,18.0,23.7,30.0,19
779,1636,Harman Connected Services,Senior Data Scientist,4,11.5,16.0,22.0,19
780,4035,L&T Infotech,Senior Data Scientist,2,12.3,20.0,28.0,19
781,4536,Reliance jio,Senior Data Scientist,4,18.5,30.0,46.0,18
782,7545,Sapient Corporation,Senior Data Scientist,2,14.2,21.1,28.5,18
783,4871,Coforge,Senior Data Scientist,4,15.0,15.0,15.2,18
784,3769,Lowe's,Senior Data Scientist,4,16.0,25.0,33.0,17
785,5206,Blue Yonder,Senior Data Scientist,2,18.0,31.6,50.0,17
786,2399,Bosch Global Software Technologies,Senior Data Scientist,2,16.1,24.1,30.0,16
787,5977,Nielsen,Senior Data Scientist,2,7.9,9.9,13.7,16
788,8313,Oracle,Senior Data Scientist,3,20.0,25.2,37.0,16
789,1048,Happiest Minds Technologies,Senior Data Scientist,5,9.0,16.4,26.0,15
790,6876,DXC Technology,Senior Data Scientist,7,11.0,17.1,25.0,15
791,8746,PayPal,Senior Data Scientist,6,30.0,40.7,45.0,15
792,3412,Citibank,Senior Data Scientist,4,16.0,22.8,30.0,15
793,3232,Innominds Software,Senior Data Scientist,4,13.5,18.6,27.5,14
794,7628,Bajaj Finserv,Senior Data Scientist,1,10.0,17.6,27.8,14
795,6757,Honeywell Technology Solutions,Senior Data Scientist,2,10.0,18.4,35.0,14
796,8691,eClerx,Senior Data Scientist,2,11.0,15.3,21.6,14
797,2056,VMware Software,Senior Data Scientist,2,16.0,23.1,36.5,14
798,3305,PwC,Senior Data Scientist,4,13.0,21.2,30.0,14
799,3024,EXL Service,Senior Data Scientist,3,14.5,19.5,30.0,13
800,6387,Mercedes-Benz Research & Development India,Senior Data Scientist,3,10.0,18.0,35.0,13
801,3184,Mindtree,Senior Data Scientist,5,9.0,17.8,28.1,13
802,2768,Wells Fargo India,Senior Data Scientist,5,14.0,23.1,30.0,13
803,8216,Genpact,Senior Data Scientist,4,10.0,24.2,35.0,12
804,7790,Course5,Senior Data Scientist,3,9.0,11.7,17.0,12
805,6413,JP Morgan Chase,Senior Data Scientist,5,14.0,27.7,51.0,12
806,5608,MasterCard,Senior Data Scientist,2,18.2,25.5,36.0,12
807,3133,GE Healthcare,Senior Data Scientist,3,24.0,28.0,33.0,11
808,6009,IHS Markit,Senior Data Scientist,5,16.0,22.5,29.0,11
809,5677,NIIT Technologies,Senior Data Scientist,2,15.0,15.3,16.0,11
810,8520,Gramener,Senior Data Scientist,2,10.0,14.4,20.8,11
811,8214,Ford Motor,Senior Data Scientist,4,16.4,17.6,19.5,11
812,5154,TheMathCompany,Senior Data Scientist,4,12.0,14.8,18.0,11
813,8311,Legato Health Technologies,Senior Data Scientist,4,15.6,21.2,26.0,11
814,4278,Dell,Senior Data Scientist,3,15.0,23.2,32.0,11
815,7282,Great Learning,Senior Data Scientist,3,11.0,12.3,14.0,11
816,1989,Morningstar,Senior Data Scientist,4,16.2,19.7,24.6,10
817,8572,Hewlett-Packard Enterprise,Senior Data Scientist,3,17.0,20.7,30.0,10
818,7915,Tredence,Senior Data Scientist,3,12.4,18.4,26.0,10
819,1971,UST,Senior Data Scientist,3,10.3,12.1,16.0,10
820,2856,ValueLabs,Senior Data Scientist,3,10.3,21.1,26.5,10
821,8839,Novartis Healthcare,Senior Data Scientist,5,16.0,30.5,51.0,10
822,7769,Vodafone Idea,Senior Data Scientist,4,13.1,22.7,32.7,10
823,7832,Nagarro,Senior Data Scientist,2,14.3,18.0,25.0,10
824,8202,HERE Technologies,Senior Data Scientist,6,22.5,27.1,30.0,9
825,1426,Globant,Senior Data Scientist,2,13.0,17.8,26.0,9
826,4581,Baker Hughes,Senior Data Scientist,3,23.0,27.4,32.0,9
827,7782,Tiger Analytics,Senior Data Scientist,5,18.0,22.2,27.5,9
828,6515,Epsilon,Senior Data Scientist,4,19.0,23.2,26.0,8
829,7872,AntWorks,Senior Data Scientist,3,14.0,20.6,30.0,8
830,5128,Altimetrik,Senior Data Scientist,4,12.0,18.3,26.0,8
831,8414,Info Edge,Senior Data Scientist,1,21.0,30.9,37.0,8
832,8715,Sigmoid Analytics,Senior Data Scientist,2,15.0,22.5,30.0,8
833,4765,Eli Lilly and Company,Senior Data Scientist,4,22.5,26.8,32.0,8
834,1857,Lam Research,Senior Data Scientist,3,13.9,16.5,20.0,8
835,2400,GE Aviation,Senior Data Scientist,5,14.5,22.1,29.0,8
836,5007,Iris Software,Senior Data Scientist,6,17.0,23.0,27.0,8
837,1303,Claim Genius,Senior Data Scientist,3,18.4,21.4,27.0,8
838,6735,ZS,Senior Data Scientist,1,14.5,18.0,24.0,8
839,7619,Mphasis,Senior Data Scientist,2,11.0,13.3,15.4,8
840,8261,NielsenIQ,Senior Data Scientist,3,8.0,8.7,9.4,8
841,1570,Mu Sigma,Senior Data Scientist,3,12.3,14.5,15.0,7
842,6276,BNY Mellon,Senior Data Scientist,1,5.2,16.9,25.0,7
843,3583,Yash Technologies,Senior Data Scientist,5,12.1,18.4,23.5,7
844,8310,Franklin Templeton Investments,Senior Data Scientist,7,22.0,27.3,32.0,7
845,5918,Philips,Senior Data Scientist,5,19.0,22.6,25.9,7
846,8828,DBS Bank,Senior Data Scientist,4,16.5,20.6,25.0,7
847,5587,International School of Engineering,Senior Data Scientist,9,15.0,20.2,25.0,7
848,4169,Johnson Controls,Senior Data Scientist,4,18.5,25.1,32.0,7
849,1175,Bajaj Finance,Senior Data Scientist,1,16.0,20.0,30.0,7
850,4121,Ganit Business Solutions,Senior Data Scientist,5,15.5,18.9,21.5,7
851,2917,Xoriant,Senior Data Scientist,6,15.0,18.6,23.5,7
852,1792,o9 Solutions,Senior Data Scientist,4,13.5,21.5,28.0,7
853,8525,Verizon,Senior Data Scientist,7,11.0,26.7,37.0,6
854,7251,Shell,Senior Data Scientist,6,22.0,29.8,35.5,6
855,7877,Zensar Technologies,Senior Data Scientist,4,14.0,18.2,22.0,6
856,3689,McKinsey & Company,Senior Data Scientist,6,1.0,18.2,31.0,6
857,6252,Apexon,Senior Data Scientist,4,9.0,10.3,11.1,6
858,4268,GE,Senior Data Scientist,4,16.0,23.1,30.0,6
859,5440,Johnson & Johnson,Senior Data Scientist,5,17.0,24.1,35.0,6
860,1127,Cerner,Senior Data Scientist,6,23.7,28.9,35.8,6
861,1233,Algonomy,Senior Data Scientist,2,23.0,28.3,32.0,6
862,2330,Ecolab Food Safety & Hygiene Solutions,Senior Data Scientist,4,11.5,13.9,18.0,6
863,6063,L&T Technology Services,Senior Data Scientist,4,9.0,15.2,24.0,6
864,3956,American Express,Senior Data Scientist,3,22.0,23.3,25.1,6
865,4716,Yum!,Senior Data Scientist,2,11.0,15.3,17.8,6
866,8277,Indium Software,Senior Data Scientist,2,8.8,14.5,20.0,6
867,6415,Cummins,Senior Data Scientist,3,17.8,23.2,29.9,6
868,5071,Eversana,Senior Data Scientist,4,12.0,14.3,17.8,6
869,3850,Paytm,Senior Data Scientist,3,27.0,31.6,40.0,6
870,5470,Citicorp,Senior Data Scientist,6,21.0,28.3,35.0,6
871,4053,Quantium Analytics,Senior Data Scientist,5,24.0,25.0,27.0,6
872,1323,MKS Vision,Senior Data Scientist,7,15.0,18.1,22.0,6
873,7743,Oyo Rooms,Senior Data Scientist,3,20.0,31.0,42.0,5
874,1930,Yodlee,Senior Data Scientist,2,27.0,32.1,36.0,5
875,6013,CitiusTech,Senior Data Scientist,7,15.0,17.8,19.5,5
876,6927,SAP,Senior Data Scientist,7,17.2,36.6,51.0,5
877,5030,Teleperformance,Senior Data Scientist,3,10.0,16.2,20.0,5
878,2427,V2 Solutions,Senior Data Scientist,2,8.5,8.5,8.6,5
879,8211,Dun & Bradstreet,Senior Data Scientist,2,9.5,11.9,13.5,5
880,7934,Nvidia,Senior Data Scientist,2,10.0,21.3,28.0,5
881,5531,AlgoAnalytics Financial Consultancy,Senior Data Scientist,3,16.5,18.9,20.7,5
882,8873,Reliance Industries,Senior Data Scientist,5,9.0,10.0,11.0,5
883,3536,Scienaptic Systems,Senior Data Scientist,6,15.0,19.7,23.5,5
884,8710,Freelance Consultants,Senior Data Scientist,7,18.6,31.7,42.0,5
885,1576,Decision Point,Senior Data Scientist,3,19.0,22.4,25.0,5
886,7203,IDFC FIRST Bank,Senior Data Scientist,4,14.0,20.8,26.0,5
887,8637,Thomson Reuters,Senior Data Scientist,4,10.0,18.4,27.5,5
888,6054,Synechron,Senior Data Scientist,3,9.5,12.0,16.0,5
889,5117,Akamai Technologies,Senior Data Scientist,4,22.5,27.3,34.0,5
890,2993,Quest Global,Senior Data Scientist,4,14.0,22.8,41.0,5
891,7783,GEP Worldwide,Senior Data Scientist,6,22.0,24.4,32.0,5
892,7361,Hinduja Global Solutions,Senior Data Scientist,3,4.0,15.6,24.7,5
893,7586,ACL Digital,Senior Data Scientist,3,10.7,18.8,25.0,5
894,7673,Innova Solutions,Senior Data Scientist,4,6.0,39.7,97.0,5
895,8988,Automatic Data Processing,Senior Data Scientist,9,27.0,34.4,39.4,5
896,3559,Brillio,Senior Data Scientist,4,12.0,21.2,34.0,5
897,8533,Boeing,Senior Data Scientist,8,25.2,27.6,30.0,5
898,3530,Flipkart,Senior Data Scientist,5,55.0,82.0,100.0,5
899,7995,ITC Infotech India,Senior Data Scientist,3,12.0,14.9,18.5,5
900,7241,Decision Minds,Senior Data Scientist,5,13.0,19.0,22.4,5
901,8716,Neal Analytics,Senior Data Scientist,4,21.0,23.6,29.0,5
902,1258,HALODOC,Senior Data Scientist,2,18.0,27.4,38.0,5
903,7097,Samsung Research,Senior Data Scientist,2,20.5,31.7,40.0,5
904,6705,Neewee Analytics,Senior Data Scientist,3,12.1,14.9,21.5,5
905,1953,Subex,Senior Data Scientist,4,11.8,25.2,37.0,5
906,6860,BCG,Senior Data Scientist,3,19.8,20.2,21.5,5
907,8110,Hitachi Vantara,Senior Data Scientist,7,18.7,24.6,35.0,5
908,5292,ZF Group,Senior Data Scientist,2,14.5,16.8,20.3,5
909,1651,DUNNHUMBY IT SERVICES INDIA,Senior Data Scientist,2,11.0,12.3,15.0,5
910,7071,Decimal Point Analytics,Senior Data Scientist,2,12.2,20.2,24.0,5
911,5831,Koch Business Solutions,Senior Data Scientist,4,23.0,39.6,51.0,5
912,8995,Noodle.Ai,Senior Data Scientist,2,18.0,21.7,26.0,5
913,2410,Publicis,Senior Data Scientist,5,15.0,18.0,28.0,5
914,3485,Ecolab Digital Center,Senior Data Scientist,4,19.3,22.7,26.1,5
915,6779,PepsiCo,Senior Data Scientist,8,19.0,29.5,39.5,5
916,8055,TEKsystems,Senior Data Scientist,3,9.0,18.2,23.0,5
917,6706,Chubb Group,Senior Data Scientist,4,13.5,16.6,21.0,5
918,4224,Amnet Digital,Senior Data Scientist,2,1.0,11.8,18.0,5
919,7913,Blend360,Senior Data Scientist,5,26.3,30.4,35.0,5
920,2607,Kyndryl,Senior Data Scientist,3,11.6,44.4,93.0,5
921,6579,HSBC,Senior Data Scientist,0,22.0,24.6,28.0,5
922,6967,Chegg,Senior Data Scientist,3,29.9,32.2,35.0,5
923,1872,First Source,Senior Data Scientist,10,28.0,29.0,30.0,4
924,5957,Caterpillar Inc,Senior Data Scientist,9,20.3,22.8,24.0,4
925,2963,Pitney Bowes,Senior Data Scientist,3,14.1,17.5,22.0,4
926,5691,MSCI,Senior Data Scientist,6,35.4,38.4,42.0,4
927,7698,Accolite Digital,Senior Data Scientist,2,11.0,12.8,14.0,4
928,1187,Adobe,Senior Data Scientist,8,30.0,40.0,50.0,4
929,5430,Omega Healthcare,Senior Data Scientist,7,10.8,14.1,15.8,4
930,4444,Western Union,Senior Data Scientist,4,20.0,22.2,25.0,4
931,3757,HDFC Bank,Senior Data Scientist,6,15.2,25.1,33.0,4
932,5615,Tata Motors,Senior Data Scientist,4,5.8,11.5,14.0,4
933,1099,EdgeVerve Systems,Senior Data Scientist,5,12.0,20.4,27.5,4
934,3183,Aditya Birla Group,Senior Data Scientist,7,26.0,28.0,30.0,4
935,1012,Commonwealth Bank of Australia,Senior Data Scientist,4,27.0,31.8,35.0,4
936,7529,Swiss Re,Senior Data Scientist,5,11.9,26.9,34.5,4
937,3314,TCS,Senior Business Analyst,3,3.5,7.7,14.0,1100
938,5537,Accenture,Senior Business Analyst,3,5.5,10.3,15.4,1100
939,5680,Evalueserve,Senior Business Analyst,2,7.1,9.8,13.8,1000
940,2340,Cognizant,Senior Business Analyst,2,9.0,13.9,18.7,616
941,3264,HCL Technologies,Senior Business Analyst,4,6.4,11.9,18.5,384
942,7302,Tech Mahindra,Senior Business Analyst,4,5.5,9.9,16.5,382
943,4176,EXL Service,Senior Business Analyst,2,6.2,8.8,12.0,308
944,8782,Wipro,Senior Business Analyst,4,6.1,12.8,22.0,280
945,4282,Fidelity National Information Services,Senior Business Analyst,4,6.5,15.0,22.0,267
946,8284,Cgi Group,Senior Business Analyst,5,7.2,10.7,15.0,225
947,4066,L&T Infotech,Senior Business Analyst,3,7.0,11.7,17.3,223
948,5476,HSBC,Senior Business Analyst,6,9.2,17.1,24.0,219
949,3490,Capgemini,Senior Business Analyst,2,4.5,11.6,20.0,213
950,6916,Newgen Software Technologies,Senior Business Analyst,3,9.0,11.1,14.4,170
951,5322,IBM,Senior Business Analyst,3,5.1,12.4,22.0,158
952,2591,Quantiphi Analytics Solutions,Senior Business Analyst,2,11.3,15.0,19.0,152
953,4115,Tredence,Senior Business Analyst,2,9.0,11.2,14.0,150
954,6000,Conduent,Senior Business Analyst,4,6.0,8.8,13.0,146
955,3354,Temenos,Senior Business Analyst,5,9.5,13.2,17.1,145
956,6839,Amadeus,Senior Business Analyst,4,12.0,14.8,18.5,128
957,7669,Infosys,Senior Business Analyst,4,7.0,12.9,21.0,128
958,8148,American Express,Senior Business Analyst,2,5.0,9.2,18.5,118
959,2355,Deloitte,Senior Business Analyst,3,6.8,11.5,20.0,118
960,5271,DXC Technology,Senior Business Analyst,5,7.0,12.0,19.0,117
961,2420,Ernst & Young,Senior Business Analyst,3,6.3,14.1,22.7,110
962,1879,Exl India,Senior Business Analyst,1,6.8,9.0,12.0,109
963,2579,bnp paribas india solutions,Senior Business Analyst,6,8.6,14.6,21.0,94
964,5015,VMware Software,Senior Business Analyst,6,11.7,18.5,24.8,92
965,4510,Zensar Technologies,Senior Business Analyst,5,7.5,12.1,19.5,91
966,1740,Ramco Systems,Senior Business Analyst,3,8.7,12.7,18.0,90
967,3672,Dell,Senior Business Analyst,2,8.5,11.6,15.5,84
968,2044,JP Morgan Chase,Senior Business Analyst,4,5.1,12.3,23.0,84
969,4426,UnitedHealth,Senior Business Analyst,3,7.0,12.5,19.2,83
970,6237,BNP Paribas,Senior Business Analyst,6,9.5,15.8,24.0,82
971,8896,NTT DATA,Senior Business Analyst,4,6.1,10.9,19.0,80
972,5686,Flipkart,Senior Business Analyst,3,14.0,20.4,27.5,79
973,8628,Oracle,Senior Business Analyst,4,5.1,10.2,22.0,79
974,8681,Merkle Sokrati,Senior Business Analyst,1,6.2,7.0,8.4,76
975,7222,Societe Generale,Senior Business Analyst,5,7.1,15.2,22.5,74
976,3712,NatWest Group,Senior Business Analyst,3,4.3,11.1,23.2,71
977,5392,Allianz Technology,Senior Business Analyst,5,8.0,11.9,16.0,69
978,6869,Hexaware Technologies,Senior Business Analyst,4,4.0,9.7,19.0,68
979,5065,Amazon,Senior Business Analyst,3,4.5,20.1,30.0,67
980,4438,EPAM Systems,Senior Business Analyst,7,17.0,21.9,25.5,64
981,7547,Deutsche Bank,Senior Business Analyst,4,5.0,7.2,12.5,64
982,5261,BNY Mellon,Senior Business Analyst,4,5.1,8.7,15.0,63
983,7279,Legato Health Technologies,Senior Business Analyst,5,9.4,14.6,20.0,63
984,8217,Iris Software,Senior Business Analyst,7,15.5,20.5,27.0,63
985,8704,NetCracker,Senior Business Analyst,10,21.0,28.0,36.0,62
986,7026,Globant,Senior Business Analyst,5,12.7,16.7,20.8,62
987,6295,Genpact,Senior Business Analyst,3,4.1,8.0,16.4,62
988,6209,Broadridge Financial Solutions,Senior Business Analyst,3,7.2,10.8,16.0,62
989,6702,Credit Suisse,Senior Business Analyst,4,10.0,16.3,23.4,62
990,1245,Tiger Analytics,Senior Business Analyst,2,11.5,13.8,15.0,61
991,4222,Novartis Healthcare,Senior Business Analyst,3,9.5,13.0,18.0,58
992,6565,Standard Chartered Bank,Senior Business Analyst,3,4.1,15.0,30.0,56
993,5672,Wells Fargo India,Senior Business Analyst,5,8.5,15.5,23.6,55
994,8626,Shell,Senior Business Analyst,7,15.5,25.6,35.2,53
995,4665,Synechron,Senior Business Analyst,6,9.8,17.6,25.0,53
996,5949,GEP Worldwide,Senior Business Analyst,2,6.8,10.3,12.3,52
997,2936,3i Infotech,Senior Business Analyst,4,6.9,10.8,16.1,51
998,3550,ValueMomentum,Senior Business Analyst,4,8.5,12.0,18.5,50
999,1297,Mphasis,Senior Business Analyst,3,4.2,12.6,20.0,50
1000,5028,Capita,Senior Business Analyst,5,7.0,12.6,17.0,49
1001,6966,UST,Senior Business Analyst,5,9.0,13.4,20.0,49
1002,5855,Citicorp,Senior Business Analyst,3,6.0,15.7,25.0,49
1003,8478,Optum,Senior Business Analyst,4,5.5,13.3,19.8,47
1004,2785,Barclays,Senior Business Analyst,3,7.1,14.2,22.7,47
1005,4269,IQVIA,Senior Business Analyst,5,11.3,17.7,26.5,47
1006,1209,Epsilon,Senior Business Analyst,5,10.0,14.5,18.2,46
1007,4031,Etech Global Services,Senior Business Analyst,3,7.0,9.2,12.1,46
1008,2872,Sapiens,Senior Business Analyst,5,13.8,18.0,22.7,44
1009,8625,Concentrix Corporation,Senior Business Analyst,2,2.7,3.7,6.2,43
1010,4805,IBS Software Services,Senior Business Analyst,2,4.3,6.2,8.3,42
1011,5531,Hewlett-Packard Enterprise,Senior Business Analyst,3,3.6,7.9,16.0,42
1012,7625,WNS,Senior Business Analyst,2,3.0,6.5,13.6,42
1013,3384,eClerx,Senior Business Analyst,2,3.2,4.2,6.0,42
1014,3526,Citibank,Senior Business Analyst,3,8.2,19.5,25.5,42
1015,1317,Odessa,Senior Business Analyst,3,12.3,16.2,24.0,41
1016,7098,Fidelity International,Senior Business Analyst,5,13.5,15.9,19.0,40
1017,5556,Ameriprise Financial,Senior Business Analyst,4,6.2,9.6,16.3,40
1018,2399,Tsys Card Tech Services,Senior Business Analyst,6,12.5,15.7,18.9,40
1019,5975,Merilytics,Senior Business Analyst,0,6.5,7.8,9.5,40
1020,7350,Barclays Global Service Centre,Senior Business Analyst,3,5.0,12.5,22.9,40
1021,5270,Unisys,Senior Business Analyst,5,8.0,12.7,17.3,39
1022,2018,Photon Interactive,Senior Business Analyst,4,6.3,9.9,15.0,38
1023,7004,Tata Technologies,Senior Business Analyst,4,6.2,8.7,14.0,37
1024,8937,Virtusa Consulting Services,Senior Business Analyst,5,11.0,15.8,22.5,36
1025,4665,Xceedance,Senior Business Analyst,5,9.5,13.4,18.6,36
1026,8147,Uber,Senior Business Analyst,2,10.0,13.4,19.0,36
1027,6091,CitiusTech,Senior Business Analyst,4,9.5,14.4,18.0,35
1028,2314,MetLife,Senior Business Analyst,0,4.0,6.0,9.3,35
1029,5942,eMids Technologies,Senior Business Analyst,5,10.0,15.3,21.0,35
1030,4161,Standard Chartered Global Business Services,Senior Business Analyst,7,11.0,18.4,29.9,35
1031,3593,D Cube Analytics,Senior Business Analyst,2,9.2,11.7,14.0,35
1032,1187,Novo Nordisk,Senior Business Analyst,6,10.3,15.7,21.0,34
1033,1860,Affine Analytics,Senior Business Analyst,1,8.0,10.0,13.6,34
1034,7981,Altisource,Senior Business Analyst,4,5.2,8.5,15.0,33
1035,4330,Mu Sigma,Senior Business Analyst,1,6.3,8.6,13.0,32
1036,8053,Meesho,Senior Business Analyst,2,16.0,19.3,23.0,32
1037,8227,Gartner,Senior Business Analyst,2,12.5,18.7,24.0,32
1038,4919,LearningMate Solutions,Senior Business Analyst,3,6.4,10.5,14.0,31
1039,8784,R1 RCM,Senior Business Analyst,2,3.5,4.3,5.9,31
1040,1596,Sopra Steria,Senior Business Analyst,3,10.0,14.6,18.5,31
1041,2028,Fiserv,Senior Business Analyst,8,11.0,18.0,29.8,31
1042,1514,Harman Connected Services,Senior Business Analyst,3,6.6,12.3,20.0,31
1043,4027,Principal Global Services,Senior Business Analyst,4,5.8,13.3,17.5,31
1044,6835,Danske IT,Senior Business Analyst,7,14.3,18.7,24.1,31
1045,5675,Amdocs,Senior Business Analyst,6,11.1,17.6,24.9,31
1046,8110,Allscripts,Senior Business Analyst,5,11.0,13.9,17.7,30
1047,7386,Collabera Technologies,Senior Business Analyst,4,8.0,11.7,20.0,30
1048,7112,Swiggy,Senior Business Analyst,2,13.8,18.4,22.0,30
1049,8914,Birlasoft,Senior Business Analyst,3,6.0,9.8,19.0,29
1050,1333,ValueLabs,Senior Business Analyst,6,10.0,14.9,20.0,29
1051,6451,Orange Business Services,Senior Business Analyst,5,7.0,12.8,20.0,28
1052,1417,Maersk,Senior Business Analyst,6,5.0,10.9,23.0,28
1053,7979,Gartner India Research and Advisory Services,Senior Business Analyst,3,13.8,20.4,26.0,28
1054,1282,First Source,Senior Business Analyst,2,3.4,5.1,6.6,27
1055,3226,Barclays Shared Services,Senior Business Analyst,2,4.0,7.1,14.0,27
1056,3033,ICICI Bank,Senior Business Analyst,5,5.3,12.3,21.0,27
1057,4774,CES,Senior Business Analyst,5,5.2,7.4,9.5,27
1058,2098,Mercer,Senior Business Analyst,2,2.8,5.5,17.0,27
1059,8736,NatWest Markets,Senior Business Analyst,5,5.0,13.4,22.0,27
1060,8335,Xoriant,Senior Business Analyst,6,11.5,17.5,21.7,27
1061,5735,PwC,Senior Business Analyst,4,6.0,12.6,22.0,27
1062,6311,Statestreet HCL Services,Senior Business Analyst,1,2.4,3.0,3.6,27
1063,3786,First American Corporation,Senior Business Analyst,5,5.9,13.4,18.5,26
1064,3274,MindGate Solutions,Senior Business Analyst,5,8.0,12.5,18.0,26
1065,2422,Mindtree,Senior Business Analyst,4,12.0,16.9,22.0,25
1066,1590,TEKsystems,Senior Business Analyst,5,11.7,15.6,20.5,25
1067,5347,Decision Point,Senior Business Analyst,1,10.0,11.8,16.0,24
1068,5252,Thomson Reuters,Senior Business Analyst,4,5.0,11.7,19.5,24
1069,2685,Eurofins It Solutions,Senior Business Analyst,7,16.0,22.0,24.8,24
1070,4404,Capco Technologies,Senior Business Analyst,7,15.0,18.2,20.2,24
1071,8792,Hsbc Technology,Senior Business Analyst,6,13.0,18.7,25.0,24
1072,2962,S&P Global,Senior Business Analyst,5,9.0,13.7,20.0,24
1073,5537,General Mills,Senior Business Analyst,4,11.0,13.4,16.0,23
1074,5757,Intellect Design Arena,Senior Business Analyst,6,11.7,17.2,22.5,23
1075,4924,Dell EMC,Senior Business Analyst,3,8.5,10.5,13.0,23
1076,5818,Ebix Software India,Senior Business Analyst,4,6.5,9.8,13.5,23
1077,3649,Northern Trust Operating Services,Senior Business Analyst,3,4.9,6.2,9.5,23
1078,4989,IVY Comptech,Senior Business Analyst,7,16.2,20.7,25.0,23
1079,1799,Atos Syntel,Senior Business Analyst,6,7.0,13.8,22.8,23
1080,6750,Provana,Senior Business Analyst,1,5.5,7.9,11.5,23
1081,5492,Coforge,Senior Business Analyst,6,11.2,17.1,23.0,23
1082,5608,HDFC Bank,Senior Business Analyst,4,7.1,13.2,20.0,22
1083,5791,Commonwealth Bank of Australia,Senior Business Analyst,5,21.0,28.3,38.0,22
1084,5759,Volante Technologies,Senior Business Analyst,9,15.0,22.3,28.0,22
1085,4916,Hinduja Global Solutions,Senior Business Analyst,2,2.4,3.3,4.3,22
1086,2169,Tavant Technologies,Senior Business Analyst,3,8.0,10.0,14.0,22
1087,3261,Jocata Financial Advisory and Technology,Senior Business Analyst,6,9.0,14.3,23.0,22
1088,4122,Persistent Systems,Senior Business Analyst,7,15.0,22.5,30.5,22
1089,4421,Axis Bank,Senior Business Analyst,3,9.3,14.4,22.0,22
1090,2329,Sabre,Senior Business Analyst,6,13.8,20.1,28.0,22
1091,2905,MResult Services,Senior Business Analyst,4,5.5,8.2,12.0,21
1092,3244,Franklin Templeton Investments,Senior Business Analyst,5,6.8,12.1,17.1,21
1093,4133,Allsec Technologies,Senior Business Analyst,3,5.2,6.1,7.5,21
1094,4626,MSC Technology India,Senior Business Analyst,3,4.9,6.7,8.7,21
1095,8416,Sopra Banking Software,Senior Business Analyst,6,10.2,16.3,25.0,21
1096,5397,Colgate Global Business Services,Senior Business Analyst,7,13.2,15.2,17.5,21
1097,3523,Azentio,Senior Business Analyst,3,9.5,13.4,17.0,21
1098,7533,Mastek,Senior Business Analyst,7,9.7,13.6,17.5,20
1099,3325,Springer Nature,Senior Business Analyst,6,13.0,17.0,21.9,20
1100,7848,Honeywell Technology Solutions,Senior Business Analyst,5,10.0,15.9,23.8,20
1101,5543,Thryve Digital,Senior Business Analyst,5,7.1,10.0,14.0,20
1102,6254,UBS,Senior Business Analyst,7,10.8,22.9,33.0,20
1103,1616,Zomato,Senior Business Analyst,2,10.0,15.7,22.0,20
1104,5932,Cybage,Senior Business Analyst,8,15.5,18.0,23.0,20
1105,4379,Larsen & Toubro Limited,Senior Business Analyst,4,8.5,11.3,14.5,20
1106,5971,Royal Bank of Scotland International,Senior Business Analyst,3,4.1,5.7,10.5,19
1107,5097,Indegene,Senior Business Analyst,2,10.2,14.0,21.0,19
1108,5650,Accion Labs,Senior Business Analyst,7,11.0,17.5,25.2,19
1109,2257,Infor Global Solution,Senior Business Analyst,6,13.5,16.8,20.0,19
1110,8565,Cygnet Infotech,Senior Business Analyst,4,5.5,8.6,11.0,19
1111,8572,Oracle Financial Services Software,Senior Business Analyst,6,8.4,14.2,24.1,19
1112,6917,ThoughtWorks,Senior Business Analyst,5,15.8,20.2,25.0,19
1113,1278,Citigroup,Senior Business Analyst,3,9.2,15.6,21.1,19
1114,2849,Unacademy,Senior Business Analyst,0,4.0,13.0,25.0,18
1115,5592,State Street Corporation,Senior Business Analyst,2,3.5,10.7,22.0,18
1116,7436,HCL Infosystems,Senior Business Analyst,3,3.4,9.0,15.0,18
1117,6983,Ocwen Financial Solutions,Senior Business Analyst,4,5.9,9.9,13.3,18
1118,7170,Vedantu,Senior Business Analyst,2,6.6,16.9,21.0,18
1119,5884,Infinite Computer Solutions,Senior Business Analyst,4,6.0,9.3,13.0,17
1120,3977,Clover Infotech,Senior Business Analyst,3,6.5,9.1,12.5,17
1121,1557,BYJU'S,Senior Business Analyst,0,6.0,9.4,17.0,17
1122,7265,Majesco,Senior Business Analyst,5,9.0,13.6,18.0,17
1123,5991,R Systems International,Senior Business Analyst,6,9.9,14.8,20.0,17
1124,8501,Accenture,Senior Data Analyst,3,6.5,9.9,14.6,213
1125,6459,Capgemini,Senior Data Analyst,1,3.8,4.7,7.1,129
1126,3846,TCS,Senior Data Analyst,3,2.9,6.0,11.2,118
1127,1105,Unilog Content Solutions ( P),Senior Data Analyst,3,2.8,3.2,3.8,110
1128,7697,Cognizant,Senior Data Analyst,2,3.0,6.2,15.2,109
1129,4343,eClerx,Senior Data Analyst,1,3.0,4.3,7.2,90
1130,3967,Concentrix Corporation,Senior Data Analyst,2,3.1,4.6,7.5,85
1131,1680,Ernst & Young,Senior Data Analyst,3,6.0,9.5,15.3,71
1132,8717,Flipkart,Senior Data Analyst,3,6.0,11.8,17.6,66
1133,7328,Wipro,Senior Data Analyst,2,3.0,7.1,11.7,54
1134,6097,Tech Mahindra,Senior Data Analyst,2,4.0,7.1,13.0,53
1135,5640,HCL Technologies,Senior Data Analyst,2,3.0,6.2,10.0,53
1136,1220,Ugam Solution,Senior Data Analyst,2,3.5,6.5,10.5,52
1137,6880,Cerner,Senior Data Analyst,2,3.0,6.1,15.4,52
1138,4824,Optum,Senior Data Analyst,5,11.0,16.2,21.5,51
1139,6901,InnovAccer,Senior Data Analyst,2,9.3,15.2,22.0,50
1140,2968,GlobalLogic,Senior Data Analyst,2,2.5,3.5,5.0,46
1141,4671,Infosys,Senior Data Analyst,3,5.3,9.9,15.0,45
1142,5317,Tiger Analytics,Senior Data Analyst,1,9.0,11.3,15.0,45
1143,1637,UnitedHealth,Senior Data Analyst,5,8.0,17.2,26.0,44
1144,2806,IBM,Senior Data Analyst,3,6.3,11.1,19.0,43
1145,4559,Cyient,Senior Data Analyst,4,2.5,3.6,5.3,43
1146,4699,Urjanet Energy Solutions,Senior Data Analyst,2,3.1,3.8,5.0,42
1147,4171,Deloitte,Senior Data Analyst,3,6.2,10.2,14.9,39
1148,5714,Epsilon,Senior Data Analyst,4,10.0,17.4,24.5,38
1149,7137,Morningstar,Senior Data Analyst,2,3.8,5.0,6.3,37
1150,5732,BCG,Senior Data Analyst,5,16.0,19.7,24.0,36
1151,8414,Dell,Senior Data Analyst,3,9.0,11.7,18.0,33
1152,7115,Walmart,Senior Data Analyst,4,16.5,29.0,40.0,32
1153,2005,Course5,Senior Data Analyst,3,5.1,7.4,12.9,29
1154,1024,IHS Markit,Senior Data Analyst,4,6.1,11.1,18.5,28
1155,5862,Bharti Airtel,Senior Data Analyst,3,5.9,16.6,22.0,28
1156,3606,L&T Infotech,Senior Data Analyst,3,7.3,12.2,19.0,28
1157,7888,Wells Fargo India,Senior Data Analyst,3,7.8,13.7,23.0,28
1158,5172,Axa XL,Senior Data Analyst,2,6.1,9.9,15.0,28
1159,1063,Zen3 Info Solutions,Senior Data Analyst,3,3.4,4.3,5.5,27
1160,5443,Honeywell Technology Solutions,Senior Data Analyst,4,6.0,14.6,22.0,26
1161,4401,LiquidHub,Senior Data Analyst,2,2.5,3.5,4.8,25
1162,2190,Proziod Analytics,Senior Data Analyst,3,3.6,4.9,6.3,25
1163,4858,LatentView Analytics,Senior Data Analyst,2,9.2,10.8,12.5,25
1164,6950,The Smart Cube,Senior Data Analyst,1,7.0,9.6,12.0,23
1165,6552,Indium Software,Senior Data Analyst,3,10.0,14.4,20.0,23
1166,3317,Citicorp,Senior Data Analyst,2,11.5,16.1,20.9,23
1167,8970,Harman Connected Services,Senior Data Analyst,4,6.0,10.0,19.0,22
1168,8306,Toluna,Senior Data Analyst,3,5.4,7.1,9.0,22
1169,5415,FE fundinfo,Senior Data Analyst,2,4.0,4.8,5.4,21
1170,3379,McKinsey & Company,Senior Data Analyst,3,12.9,20.7,27.2,20
1171,4641,Amazon,Senior Data Analyst,2,3.9,8.6,25.5,19
1172,1081,Ford Motor,Senior Data Analyst,2,11.6,15.0,18.9,19
1173,2153,Subex,Senior Data Analyst,1,5.5,8.0,11.0,19
1174,3447,Mindtree,Senior Data Analyst,2,6.0,8.0,12.6,19
1175,2787,S&P Global,Senior Data Analyst,3,5.7,8.0,11.0,19
1176,4479,EXL Service,Senior Data Analyst,2,4.0,7.6,12.0,18
1177,4358,DXC Technology,Senior Data Analyst,5,6.9,14.0,20.0,18
1178,8492,R1 RCM,Senior Data Analyst,3,3.9,5.4,6.9,18
1179,4027,KPMG,Senior Data Analyst,1,4.2,8.0,11.8,18
1180,2961,Zensar Technologies,Senior Data Analyst,4,4.0,6.3,10.6,17
1181,6135,Schneider Electric,Senior Data Analyst,2,6.0,9.6,17.0,17
1182,1093,WNS,Senior Data Analyst,2,4.0,6.1,8.0,17
1183,1411,Genpact,Senior Data Analyst,3,4.3,6.2,11.0,17
1184,2218,NTT DATA,Senior Data Analyst,2,4.0,7.2,11.5,17
1185,2895,Ganit Business Solutions,Senior Data Analyst,0,5.2,7.4,10.5,17
1186,6411,HSBC,Senior Data Analyst,2,7.1,11.9,16.0,17
1187,2308,Synchrony,Senior Data Analyst,2,5.0,7.5,12.5,16
1188,1297,Kantar,Senior Data Analyst,2,4.5,6.0,8.4,16
1189,3421,Unire Business Solutions,Senior Data Analyst,0,1.4,1.9,2.5,16
1190,4208,JP Morgan Chase,Senior Data Analyst,3,7.4,12.8,18.0,16
1191,3301,Dynata,Senior Data Analyst,4,7.5,8.8,10.3,16
1192,8877,PwC,Senior Data Analyst,3,5.8,11.1,20.0,16
1193,8777,Indegene,Senior Data Analyst,2,11.4,15.6,20.5,15
1194,3852,Lowe's,Senior Data Analyst,1,10.4,17.4,20.0,15
1195,2247,Ameriprise Financial,Senior Data Analyst,3,10.0,14.2,18.1,15
1196,8570,Barclays,Senior Data Analyst,3,9.0,13.8,19.4,15
1197,2476,Continental Automotive Components,Senior Data Analyst,2,2.5,2.9,3.5,15
1198,7033,Johnson & Johnson,Senior Data Analyst,4,5.8,12.0,20.0,15
1199,4336,JLL,Senior Data Analyst,3,4.5,6.3,13.0,15
1200,3427,Paytm,Senior Data Analyst,3,5.0,7.6,11.0,15
1201,4910,Oracle,Senior Data Analyst,3,4.2,7.7,15.0,15
1202,7892,HERE Technologies,Senior Data Analyst,4,4.5,5.1,6.5,14
1203,6583,CAMP Systems,Senior Data Analyst,4,3.8,5.1,6.2,14
1204,5259,Ericsson,Senior Data Analyst,2,5.0,8.9,13.0,14
1205,5472,Novartis Healthcare,Senior Data Analyst,2,6.0,12.8,19.0,14
1206,2329,E2OPEN,Senior Data Analyst,5,4.9,6.1,8.3,14
1207,8387,Bank of America,Senior Data Analyst,5,11.7,19.2,26.0,14
1208,6131,Nielsen,Senior Data Analyst,2,3.1,5.9,9.5,14
1209,2089,VASTA BIO-INFORMATICS,Senior Data Analyst,1,3.3,3.6,4.3,14
1210,4580,VeeTechnologies,Senior Data Analyst,2,2.0,3.0,4.0,14
1211,7439,Nailbiter Research,Senior Data Analyst,0,4.2,4.7,5.2,14
1212,5055,Hewlett-Packard Enterprise,Senior Data Analyst,3,5.0,8.8,17.7,13
1213,6547,S&P Global Market Intelligence,Senior Data Analyst,5,4.9,6.9,9.5,13
1214,6894,MakeMyTrip,Senior Data Analyst,4,6.0,7.5,9.0,12
1215,2874,Advantmed,Senior Data Analyst,3,4.0,7.1,12.0,12
1216,7732,Sutherland Global Services,Senior Data Analyst,2,5.0,6.6,8.5,12
1217,3909,Citibank,Senior Data Analyst,2,16.0,17.4,19.5,12
1218,8266,Mercer,Senior Data Analyst,1,3.0,4.6,6.5,12
1219,2127,American Express,Senior Data Analyst,2,6.1,14.7,25.0,12
1220,3740,Shadowfax Technologies,Senior Data Analyst,0,6.3,7.7,10.0,11
1221,5129,Resilinc,Senior Data Analyst,4,5.0,5.8,7.0,11
1222,2873,Bluemind Solutions,Senior Data Analyst,4,2.8,3.1,3.5,11
1223,8466,Denave,Senior Data Analyst,2,3.5,6.7,9.8,11
1224,8702,Cross-tab Marketing Services,Senior Data Analyst,0,3.5,5.0,7.0,11
1225,3783,Wissend,Senior Data Analyst,0,1.4,1.9,2.2,11
1226,1165,Infosys BPM,Senior Data Analyst,2,3.8,8.9,17.0,11
1227,5574,Adobe,Senior Data Analyst,5,9.8,14.5,20.0,10
1228,3044,BNY Mellon,Senior Data Analyst,3,4.9,10.4,13.5,10
1229,3959,Shell,Senior Data Analyst,4,7.9,12.4,20.0,10
1230,8834,Target,Senior Data Analyst,2,9.9,13.7,18.0,10
1231,4600,Dell EMC,Senior Data Analyst,3,8.5,9.4,11.1,10
1232,5638,comScore,Senior Data Analyst,5,13.5,19.7,24.0,10
1233,1405,Fedby Information Services,Senior Data Analyst,3,4.0,4.6,5.5,10
1234,3851,Experis IT,Senior Data Analyst,5,6.6,8.2,9.8,10
1235,8688,Phoenix American Sales Focus Solutions India,Senior Data Analyst,3,5.0,5.7,7.0,10
1236,7670,Collabera Technologies,Senior Data Analyst,2,7.5,8.7,10.5,10
1237,4624,SG Analytics,Senior Data Analyst,3,6.0,7.0,8.3,10
1238,4417,Mobikwik,Senior Data Analyst,3,11.0,13.9,17.0,10
1239,4174,Ecolab Digital Center,Senior Data Analyst,6,11.2,17.6,22.3,10
1240,4429,Oyo Rooms,Senior Data Analyst,4,7.0,11.4,16.0,9
1241,5522,Randstad,Senior Data Analyst,3,2.5,6.9,12.0,9
1242,5253,Clarivate Analytics,Senior Data Analyst,1,10.0,17.7,26.5,9
1243,8400,Rapido,Senior Data Analyst,2,6.5,14.9,20.4,9
1244,4517,Standard Chartered Bank,Senior Data Analyst,2,5.0,12.7,30.0,9
1245,2578,Equifax,Senior Data Analyst,3,3.5,6.2,8.5,9
1246,4573,Tesco,Senior Data Analyst,1,5.8,10.3,15.5,9
1247,7253,QL2 Software,Senior Data Analyst,4,2.7,3.4,5.5,9
1248,2554,Vodafone Idea,Senior Data Analyst,3,5.2,10.2,15.8,9
1249,2846,IQVIA,Senior Data Analyst,3,8.0,12.4,15.3,9
1250,5485,InSync Analytics,Senior Data Analyst,4,3.1,3.6,4.0,9
1251,4068,Landis+Gyr,Senior Data Analyst,5,12.6,15.0,17.5,9
1252,2815,DecisionTree Analytics & Services,Senior Data Analyst,3,9.0,12.8,17.0,9
1253,6072,Yodlee,Senior Data Analyst,4,5.0,7.4,9.0,8
1254,7667,Yash Technologies,Senior Data Analyst,7,4.6,5.8,7.5,8
1255,8439,Teleperformance,Senior Data Analyst,2,2.0,3.0,4.4,8
1256,1863,Wunderman,Senior Data Analyst,2,4.5,5.7,7.4,8
1257,5802,Xiaomi,Senior Data Analyst,5,8.1,9.5,10.5,8
1258,7827,Sentieo,Senior Data Analyst,2,5.0,5.9,7.0,8
1259,1596,Fidelity National Information Services,Senior Data Analyst,4,6.5,9.7,14.0,8
1260,4609,Thomson Reuters,Senior Data Analyst,3,8.0,10.5,15.0,8
1261,1159,Maersk,Senior Data Analyst,3,5.0,7.1,9.0,8
1262,1241,Home Credit Finance,Senior Data Analyst,3,4.8,7.6,10.0,8
1263,8814,Standard Chartered Global Business Services,Senior Data Analyst,4,10.5,18.5,27.4,8
1264,6111,Mr Cooper,Senior Data Analyst,2,11.0,13.0,15.0,8
1265,8388,Hudson's bay Company,Senior Data Analyst,3,13.2,15.7,18.9,8
1266,5385,S&P Capital IQ,Senior Data Analyst,3,5.0,6.4,9.2,8
1267,6368,Merkle Sokrati,Senior Data Analyst,1,7.8,9.1,12.3,8
1268,7373,Games24x7,Senior Data Analyst,5,11.5,17.9,23.1,8
1269,4583,Iris Software,Senior Data Analyst,5,10.0,14.4,20.0,8
1270,7974,Axis Bank,Senior Data Analyst,0,5.0,7.0,8.3,8
1271,7078,Mphasis,Senior Data Analyst,4,9.0,10.3,11.5,8
1272,3586,Whitehat jr,Senior Data Analyst,2,8.0,12.6,17.0,8
1273,1069,Blinkit,Senior Data Analyst,1,13.5,16.7,23.0,8
1274,3651,BUDDI.AI,Senior Data Analyst,3,4.0,4.2,5.0,8
1275,5685,Cartesian Consulting,Senior Data Analyst,1,5.6,7.5,11.0,7
1276,5674,Fuel Intelligence,Senior Data Analyst,2,4.0,4.5,5.0,7
1277,8174,General Mills,Senior Data Analyst,4,9.0,12.2,15.5,7
1278,1548,Cisco Systems,Senior Data Analyst,7,13.2,15.3,20.3,7
1279,2289,TIAA Global Business Services,Senior Data Analyst,6,12.0,15.5,21.5,7
1280,6765,Nailbiter,Senior Data Analyst,1,4.5,4.9,5.2,7
1281,3141,Aon,Senior Data Analyst,2,3.8,7.0,12.2,7
1282,5717,Aakash Institute,Senior Data Analyst,1,3.8,5.3,6.5,7
1283,3920,D2L Pharma Research Solutions,Senior Data Analyst,4,3.4,4.3,5.2,7
1284,1699,HARMAN,Senior Data Analyst,5,6.5,9.4,12.2,7
1285,7242,Vaco Binary Semantics,Senior Data Analyst,1,3.5,5.0,6.8,7
1286,1250,B3Intelligence,Senior Data Analyst,3,4.0,6.8,8.5,7
1287,8278,Sapient Corporation,Senior Data Analyst,3,5.1,12.1,20.8,7
1288,3960,Legato Health Technologies,Senior Data Analyst,6,11.7,14.3,21.0,7
1289,3800,Fidelity National Financial,Senior Data Analyst,2,3.5,4.9,6.2,7
1290,4574,Zomato,Senior Data Analyst,0,5.5,6.2,7.3,7
1291,6952,Symphony Retail AI,Senior Data Analyst,3,10.0,10.5,11.0,7
1292,2082,Myntra,Senior Data Analyst,5,7.5,11.9,23.0,7
1293,2160,KPI Partners,Senior Data Analyst,6,11.0,13.9,16.0,7
1294,6774,Reliance Retail,Senior Data Analyst,2,4.5,6.0,6.8,7
1295,8484,Publicis,Senior Data Analyst,3,7.5,14.9,20.0,7
1296,5173,TEKsystems,Senior Data Analyst,4,10.0,12.2,13.5,7
1297,5395,Mobile Premier League,Senior Data Analyst,1,20.0,25.2,28.0,7
1298,4791,Citigroup,Senior Data Analyst,2,14.0,17.0,21.0,7
1299,1331,LearningMate Solutions,Senior Data Analyst,4,8.0,9.1,10.8,6
1300,7095,Encore Capital Group,Senior Data Analyst,3,7.5,8.5,9.1,6
1301,8186,MResult Services,Senior Data Analyst,5,7.0,8.4,9.0,6
1302,7897,XL Catlin,Senior Data Analyst,3,11.8,14.9,17.4,6
1303,8636,Williams Lea Tag,Senior Data Analyst,5,5.0,6.6,9.0,6
1304,3326,Ninjacart,Senior Data Analyst,2,6.0,6.7,9.5,6
1305,6243,Bajaj Finserv,Senior Data Analyst,3,9.4,11.4,15.0,6
1306,7539,Collegedunia,Senior Data Analyst,1,3.6,4.3,5.0,6
1307,8127,Arthur J. Gallagher & Co,Senior Data Analyst,3,5.0,5.5,6.6,6
1308,4568,Athenahealth Technology,Senior Data Analyst,6,5.6,6.1,6.6,6
1309,8924,ADP Solutions,Senior Data Analyst,3,4.5,10.0,17.5,6
1310,2900,UST,Senior Data Analyst,5,6.0,10.4,12.0,6
1311,1261,L&T Infotech,Senior Data Engineer,2,6.0,11.0,17.0,729
1312,6075,Quantiphi Analytics Solutions,Senior Data Engineer,2,9.5,15.0,22.5,137
1313,3355,IBM,Senior Data Engineer,3,10.0,16.9,25.0,112
1314,2019,Maersk,Senior Data Engineer,5,13.4,21.1,31.0,110
1315,5441,Optum,Senior Data Engineer,5,11.9,16.5,21.0,83
1316,7401,Accenture,Senior Data Engineer,3,9.5,14.3,22.9,83
1317,7834,TCS,Senior Data Engineer,5,7.9,13.3,20.9,65
1318,5687,Wells Fargo India,Senior Data Engineer,7,16.9,21.9,31.5,64
1319,3153,Altimetrik,Senior Data Engineer,4,9.5,15.2,21.1,56
1320,3909,Coforge,Senior Data Engineer,4,12.0,15.3,18.6,53
1321,2794,Cognizant,Senior Data Engineer,4,9.0,15.1,23.0,51
1322,5391,Sapient Corporation,Senior Data Engineer,4,15.0,19.4,26.0,51
1323,3669,Fractal Analytics,Senior Data Engineer,4,16.0,21.8,30.0,49
1324,1037,Enquero,Senior Data Engineer,2,11.5,15.8,20.0,46
1325,3471,Walmart,Senior Data Engineer,6,23.0,35.7,49.3,44
1326,5772,Shell,Senior Data Engineer,3,11.2,23.3,36.0,42
1327,4234,UnitedHealth,Senior Data Engineer,5,12.2,16.1,25.0,42
1328,8386,Wipro,Senior Data Engineer,4,8.0,13.1,20.0,40
1329,4606,Larsen & Toubro Limited,Senior Data Engineer,2,6.5,10.4,16.0,40
1330,6867,Mindtree,Senior Data Engineer,2,5.8,6.7,10.0,36
1331,2016,Capgemini,Senior Data Engineer,3,6.8,16.4,23.5,35
1332,1684,Teradata,Senior Data Engineer,5,10.0,13.5,18.6,34
1333,5605,Visa,Senior Data Engineer,3,20.0,27.3,32.6,31
1334,6184,Ernst & Young,Senior Data Engineer,3,12.0,18.5,28.5,30
1335,3549,Concentrix Corporation,Senior Data Engineer,2,4.2,5.4,6.6,28
1336,3017,HCL Technologies,Senior Data Engineer,4,5.0,18.0,30.0,28
1337,2181,Lowe's,Senior Data Engineer,5,16.0,18.9,25.0,26
1338,3474,Indium Software,Senior Data Engineer,3,9.0,15.5,22.0,26
1339,5978,Target,Senior Data Engineer,3,15.5,22.1,30.0,25
1340,8174,Tech Mahindra,Senior Data Engineer,4,7.3,14.3,27.0,23
1341,4095,Deloitte,Senior Data Engineer,4,10.5,16.3,22.0,23
1342,4217,Amazon,Senior Data Engineer,6,18.0,32.0,45.0,19
1343,3206,DXC Technology,Senior Data Engineer,5,9.6,14.7,24.2,19
1344,8759,Tiger Analytics,Senior Data Engineer,5,15.0,22.1,28.0,19
1345,3293,GE Healthcare,Senior Data Engineer,5,13.0,17.8,24.8,18
1346,1825,Morgan Stanley,Senior Data Engineer,6,20.0,28.8,36.5,18
1347,5572,EPAM Systems,Senior Data Engineer,4,17.0,23.1,27.0,18
1348,8874,NIIT Technologies,Senior Data Engineer,2,14.5,15.0,15.5,17
1349,2545,GE,Senior Data Engineer,4,14.0,19.3,25.2,16
1350,8403,JLL,Senior Data Engineer,4,16.5,23.5,33.0,16
1351,3114,Nagarro,Senior Data Engineer,3,17.0,24.1,32.0,16
1352,3013,NIKE,Senior Data Engineer,5,27.0,31.0,35.0,16
1353,6927,Micron Technology,Senior Data Engineer,5,12.5,19.8,29.0,16
1354,4999,Nokia,Senior Data Engineer,5,13.5,17.5,25.0,14
1355,6789,UST,Senior Data Engineer,4,9.3,14.5,21.0,14
1356,3935,Wavicle Data Solutions,Senior Data Engineer,0,9.0,11.8,15.6,14
1357,5076,KPI Partners,Senior Data Engineer,4,13.5,17.1,22.3,14
1358,8837,Happiest Minds Technologies,Senior Data Engineer,5,9.5,16.3,24.5,13
1359,2545,BCG,Senior Data Engineer,4,20.1,24.7,28.0,13
1360,3755,Infosys,Senior Data Engineer,2,4.5,8.7,15.5,13
1361,4023,JP Morgan Chase,Senior Data Engineer,5,11.9,22.3,28.0,13
1362,4444,Philips,Senior Data Engineer,2,15.0,17.5,22.0,12
1363,2606,Innova Solutions,Senior Data Engineer,7,16.0,27.1,40.0,12
1364,8804,Legato Health Technologies,Senior Data Engineer,4,11.0,16.9,22.0,12
1365,5376,DUNNHUMBY IT SERVICES INDIA,Senior Data Engineer,2,11.0,13.2,18.0,12
1366,7827,Ecolab Digital Center,Senior Data Engineer,5,12.3,17.1,19.8,12
1367,5349,Bosch Global Software Technologies,Senior Data Engineer,2,9.0,13.8,22.0,11
1368,7599,Maersk Line,Senior Data Engineer,4,16.2,21.5,29.5,11
1369,6436,Commonwealth Bank of Australia,Senior Data Engineer,7,20.8,31.7,43.1,11
1370,8010,Cisco Systems,Senior Data Engineer,10,22.0,25.9,32.0,11
1371,8941,Tredence,Senior Data Engineer,1,8.0,10.7,15.0,11
1372,6194,Oracle,Senior Data Engineer,5,15.0,29.2,51.0,11
1373,6057,Lenovo,Senior Data Engineer,4,12.0,13.5,17.0,10
1374,5326,Photon Interactive,Senior Data Engineer,4,6.4,8.1,10.0,10
1375,4934,Intersoft Data Labs,Senior Data Engineer,3,20.0,29.2,37.8,10
1376,5877,Lumiq.ai,Senior Data Engineer,3,10.0,14.0,17.5,10
1377,3237,Dell,Senior Data Engineer,2,9.2,13.2,18.0,10
1378,8163,SpringML,Senior Data Engineer,2,8.5,11.1,16.5,10
1379,7150,Verizon,Senior Data Engineer,4,10.0,17.6,30.2,9
1380,4732,Dunnhumby,Senior Data Engineer,2,10.0,13.6,18.0,9
1381,5197,Hewlett-Packard Enterprise,Senior Data Engineer,3,9.0,24.9,35.0,9
1382,8559,Bajaj Finserv,Senior Data Engineer,1,9.7,14.4,19.0,9
1383,6218,Ab Inbev,Senior Data Engineer,8,20.0,26.4,35.0,9
1384,2133,Collabera Technologies,Senior Data Engineer,4,11.0,15.1,25.0,9
1385,3370,GE Aviation,Senior Data Engineer,8,16.0,18.7,24.0,9
1386,4061,News Technology Services,Senior Data Engineer,5,12.3,17.4,21.0,9
1387,4700,ZS,Senior Data Engineer,2,15.0,18.6,23.0,9
1388,3212,NTT DATA,Senior Data Engineer,2,11.0,19.9,28.6,9
1389,8450,Koch Business Solutions,Senior Data Engineer,7,23.0,29.5,37.0,9
1390,6502,PwC,Senior Data Engineer,4,11.4,17.0,24.0,9
1391,2330,McKinsey & Company,Senior Data Engineer,5,19.0,26.6,33.0,8
1392,2302,Indegene,Senior Data Engineer,3,10.0,15.7,18.8,8
1393,3901,Johnson & Johnson,Senior Data Engineer,4,12.0,16.4,21.0,8
1394,1393,Optum Global Solutions,Senior Data Engineer,7,14.5,18.5,23.5,8
1395,5905,DBS Bank,Senior Data Engineer,5,14.0,20.4,30.0,8
1396,3309,Bank of America,Senior Data Engineer,4,13.5,16.1,19.3,8
1397,3917,American Express,Senior Data Engineer,7,22.0,28.6,40.0,8
1398,5663,Nisum Technologies,Senior Data Engineer,3,18.0,20.1,24.0,8
1399,7159,Mphasis,Senior Data Engineer,5,8.7,13.8,20.0,8
1400,5587,Samsung,Senior Data Engineer,4,10.0,15.2,21.0,8
1401,7396,MakeMyTrip,Senior Data Engineer,3,17.0,26.4,37.0,7
1402,7499,Saama Technologies,Senior Data Engineer,4,13.7,16.5,21.2,7
1403,6005,TO THE NEW,Senior Data Engineer,4,18.0,18.9,20.0,7
1404,5448,PayPal,Senior Data Engineer,6,19.0,23.7,28.0,7
1405,8883,Harman Connected Services,Senior Data Engineer,5,14.0,19.8,32.0,7
1406,7936,ITC Infotech India,Senior Data Engineer,4,10.6,16.8,21.5,7
1407,7355,IQVIA,Senior Data Engineer,4,13.0,17.3,21.5,7
1408,3402,Luxoft,Senior Data Engineer,5,15.0,19.5,23.0,7
1409,6249,Paytm,Senior Data Engineer,4,20.0,25.9,33.0,7
1410,8302,Citicorp,Senior Data Engineer,4,18.8,23.1,28.0,7
1411,8836,Axa XL,Senior Data Engineer,4,7.0,7.7,9.2,7
1412,3856,TEKsystems,Senior Data Engineer,5,10.5,16.4,26.0,7
1413,5649,HSBC,Senior Data Engineer,5,12.0,16.1,20.0,7
1414,2135,AstraZeneca,Senior Data Engineer,9,11.0,14.0,19.0,6
1415,2299,BlazeClan Technologies,Senior Data Engineer,4,7.3,10.0,11.7,6
1416,7892,Data Semantics,Senior Data Engineer,7,11.0,15.4,17.4,6
1417,8906,Birlasoft,Senior Data Engineer,4,8.8,12.0,13.5,6
1418,3042,Xpo Logistics,Senior Data Engineer,6,14.0,16.3,18.0,6
1419,7012,Renault Nissan Technology & Business Centre India,Senior Data Engineer,5,7.7,8.2,9.1,6
1420,3802,DataWeave,Senior Data Engineer,3,11.3,13.5,16.0,6
1421,5650,Eli Lilly and Company,Senior Data Engineer,7,17.4,25.4,32.0,6
1422,1056,DataMetica,Senior Data Engineer,4,7.5,13.3,23.0,6
1423,1048,InfoStretch,Senior Data Engineer,4,10.7,16.8,23.0,6
1424,3863,GE Transportation,Senior Data Engineer,8,21.0,22.2,23.0,6
1425,3918,Baker Hughes,Senior Data Engineer,8,16.0,21.4,27.1,6
1426,1765,Intuit,Senior Data Engineer,8,26.0,39.0,47.0,5
1427,2816,Expedia,Senior Data Engineer,6,30.0,34.8,41.3,5
1428,6860,Yash Technologies,Senior Data Engineer,5,10.0,14.5,16.0,5
1429,2110,IHS Markit,Senior Data Engineer,6,19.0,24.0,27.0,5
1430,1264,Swiss Re,Senior Data Engineer,6,17.0,20.2,25.0,5
1431,4668,Dun & Bradstreet,Senior Data Engineer,7,14.2,18.0,23.0,5
1432,1613,Siemens Healthineers,Senior Data Engineer,4,14.0,20.0,24.0,5
1433,1188,Apar Technologies,Senior Data Engineer,8,21.5,24.5,28.0,5
1434,7288,GE Digital,Senior Data Engineer,7,15.0,16.9,19.9,5
1435,2903,Riskonnect,Senior Data Engineer,4,7.0,8.5,9.8,5
1436,3356,T-Systems,Senior Data Engineer,7,17.5,21.2,23.5,5
1437,8414,NCR Corporation,Senior Data Engineer,4,11.3,16.0,22.6,5
1438,3343,BA Continuum,Senior Data Engineer,7,17.4,19.6,21.0,5
1439,2769,Softcrylic Technology Solutions,Senior Data Engineer,4,10.0,18.6,29.5,5
1440,2156,Rakuten,Senior Data Engineer,5,16.6,23.2,30.9,5
1441,1141,Honeywell Technology Solutions,Senior Data Engineer,2,20.1,22.5,24.0,5
1442,5628,GlobalLogic,Senior Data Engineer,3,10.4,17.3,23.1,5
1443,1241,Emirates Airlines,Senior Data Engineer,6,20.0,68.3,94.0,5
1444,2007,ValueLabs,Senior Data Engineer,5,15.0,19.5,21.7,5
1445,7656,GEP Worldwide,Senior Data Engineer,4,13.5,15.5,17.5,5
1446,6282,Ameriprise Financial,Senior Data Engineer,3,10.0,11.7,15.0,5
1447,5450,Gartner India Research and Advisory Services,Senior Data Engineer,3,16.5,20.0,24.5,5
1448,5772,Information Evolution,Senior Data Engineer,3,2.5,3.4,4.3,5
1449,1207,Alliance Data,Senior Data Engineer,4,14.5,16.9,19.0,5
1450,1241,Franklin Templeton International Services,Senior Data Engineer,5,14.2,18.7,23.5,5
1451,7539,Boeing,Senior Data Engineer,7,14.0,22.2,27.0,5
1452,6365,Kloud 9,Senior Data Engineer,7,24.0,29.9,39.0,5
1453,4492,Algonomy,Senior Data Engineer,8,13.5,15.2,16.3,5
1454,3633,Tavant Technologies,Senior Data Engineer,4,10.5,13.7,16.5,5
1455,2090,Cgi Group,Senior Data Engineer,5,6.5,12.0,15.4,5
1456,6487,Societe Generale,Senior Data Engineer,7,12.5,21.9,34.5,5
1457,8400,Mr Cooper,Senior Data Engineer,4,9.0,13.8,17.0,5
1458,6787,ValueMomentum,Senior Data Engineer,4,12.0,19.4,27.0,5
1459,4075,Clairvoyant India,Senior Data Engineer,5,12.0,16.1,20.0,5
1460,3862,Mercedes-Benz Research & Development India,Senior Data Engineer,3,11.5,26.2,60.0,5
1461,8290,Knoema IT Solutions,Senior Data Engineer,4,5.3,8.9,13.0,5
1462,7450,Evalueserve,Senior Data Engineer,4,10.4,12.5,17.4,5
1463,2029,Uber,Senior Data Engineer,7,34.5,66.3,93.0,5
1464,4983,GGK Technologies,Senior Data Engineer,5,9.0,11.2,14.5,5
1465,2232,Anju Software,Senior Data Engineer,4,6.8,16.9,20.0,5
1466,2936,phData,Senior Data Engineer,4,16.0,20.0,25.0,5
1467,3616,ACS Solution,Senior Data Engineer,3,13.8,15.2,16.4,5
1468,6775,MassMutual,Senior Data Engineer,6,18.3,19.3,21.0,5
1469,7634,ConcertAI,Senior Data Engineer,5,22.0,28.2,32.0,5
1470,1776,Onepoint IT Consulting,Senior Data Engineer,4,9.6,10.3,10.8,4
1471,1784,Sapient Global Markets,Senior Data Engineer,5,15.0,19.9,25.0,4
1472,3278,Marlabs,Senior Data Engineer,2,6.7,14.2,20.0,4
1473,4124,Red Hat,Senior Data Engineer,2,11.8,18.9,26.0,4
1474,1076,EXL Service,Senior Data Engineer,3,13.0,18.7,23.6,4
1475,3422,Advance Auto Parts,Senior Data Engineer,7,24.0,25.7,28.9,4
1476,1583,Telstra,Senior Data Engineer,7,18.0,27.6,32.0,4
1477,4777,GE Power,Senior Data Engineer,8,11.0,15.4,22.0,4
1478,5784,Epsilon,Senior Data Engineer,8,16.5,23.8,26.8,4
1479,7490,Cimpress,Senior Data Engineer,4,15.0,20.5,23.0,4
1480,3262,Senvion,Senior Data Engineer,4,9.0,12.7,16.0,4
1481,4343,USEReady,Senior Data Engineer,4,9.4,14.3,18.4,4
1482,4731,Milliman,Senior Data Engineer,5,14.1,19.5,25.0,4
1483,4942,Blackhawk Network,Senior Data Engineer,5,16.4,21.8,25.0,4
1484,8937,Wabtec,Senior Data Engineer,9,19.0,20.0,21.0,4
1485,8506,KrazyBee,Senior Data Engineer,3,8.5,10.3,15.7,4
1486,3916,Roche Diagnostics,Senior Data Engineer,5,23.5,33.1,43.0,4
1487,3081,Fidelity National Information Services,Senior Data Engineer,6,12.0,20.1,23.8,4
1488,6757,XL Health,Senior Data Engineer,4,8.5,9.9,12.0,4
1489,4714,ADP Solutions,Senior Data Engineer,4,11.6,14.3,19.0,4
1490,8979,Hexaware Technologies,Senior Data Engineer,8,13.0,18.4,22.8,4
1491,3261,Citibank,Senior Data Engineer,6,14.0,18.2,20.0,4
1492,2509,Akamai Technologies,Senior Data Engineer,5,21.8,24.1,25.1,4
1493,5427,Quest Global,Senior Data Engineer,8,17.0,20.3,24.0,4
1494,8730,TCS,Machine Learning Engineer,1,4.0,5.8,9.3,193
1495,7970,Quantiphi Analytics Solutions,Machine Learning Engineer,1,7.4,11.2,15.0,174
1496,3670,Accenture,Machine Learning Engineer,2,5.4,9.9,15.2,61
1497,5039,Wipro,Machine Learning Engineer,1,3.5,5.9,13.0,45
1498,4623,Tiger Analytics,Machine Learning Engineer,0,9.0,13.6,22.0,37
1499,6359,Capgemini,Machine Learning Engineer,2,4.5,6.3,12.1,29
1500,3690,Infosys,Machine Learning Engineer,2,4.3,6.7,14.7,28
1501,5388,Cognizant,Machine Learning Engineer,1,4.0,8.0,15.2,28
1502,8641,HCL Technologies,Machine Learning Engineer,0,4.2,8.3,14.0,21
1503,7359,Tech Mahindra,Machine Learning Engineer,1,3.9,7.3,16.2,20
1504,8279,IBM,Machine Learning Engineer,3,4.5,9.3,13.2,18
1505,5845,Deloitte,Machine Learning Engineer,2,8.3,13.7,21.0,14
1506,8614,Amazon,Machine Learning Engineer,1,4.2,12.5,28.5,13
1507,5078,Qualcomm,Machine Learning Engineer,0,12.0,19.4,29.8,12
1508,1639,OptiSol Business Solutions,Machine Learning Engineer,0,3.5,5.6,8.5,11
1509,5795,Mindtree,Machine Learning Engineer,1,3.5,5.3,7.0,10
1510,2328,Virtusa Consulting Services,Machine Learning Engineer,0,4.0,5.1,9.0,9
1511,5245,Ford Motor,Machine Learning Engineer,2,7.5,11.8,16.0,9
1512,4868,Samsung Research,Machine Learning Engineer,1,11.0,17.4,25.0,9
1513,7490,DXC Technology,Machine Learning Engineer,2,4.0,7.3,11.0,8
1514,5325,UST,Machine Learning Engineer,2,5.0,6.7,9.0,8
1515,6058,Reliance jio,Machine Learning Engineer,2,5.5,9.2,15.0,8
1516,6517,Straive,Machine Learning Engineer,3,4.5,9.3,13.5,8
1517,2325,e-Zest,Machine Learning Engineer,0,2.1,4.5,7.0,7
1518,6763,Trantor,Machine Learning Engineer,1,7.0,9.4,16.5,7
1519,5830,JP Morgan Chase,Machine Learning Engineer,3,13.0,16.9,22.0,7
1520,8422,Freelancer.com,Machine Learning Engineer,0,2.0,5.1,8.4,7
1521,5862,Jio Platforms,Machine Learning Engineer,0,6.7,10.9,16.8,7
1522,3105,Monsoon CreditTech,Machine Learning Engineer,0,7.0,9.6,12.0,6
1523,3086,L&T Technology Services,Machine Learning Engineer,1,4.4,5.3,7.0,6
1524,3394,Sysark,Machine Learning Engineer,1,3.1,3.7,4.5,6
1525,7499,Lucida Technologies,Machine Learning Engineer,1,3.3,3.6,4.3,6
1526,7243,Ignitarium Technology Solutions,Machine Learning Engineer,0,5.0,5.8,7.0,6
1527,2489,Oracle,Machine Learning Engineer,1,20.0,20.7,22.0,6
1528,6012,Samsung,Machine Learning Engineer,0,14.0,16.8,21.5,6
1529,8657,Sri Ayyan Kendra Vidyalaya International School,Machine Learning Engineer,1,2.3,6.1,10.0,5
1530,6584,Reflections Info Systems,Machine Learning Engineer,1,3.0,3.6,4.5,5
1531,6406,Qualitas Technologies,Machine Learning Engineer,1,2.8,4.7,7.0,5
1532,3804,Allstate,Machine Learning Engineer,5,11.2,12.1,13.0,5
1533,1576,Barclays,Machine Learning Engineer,3,9.0,19.4,29.1,5
1534,2744,Ericsson,Machine Learning Engineer,2,6.2,11.9,18.5,5
1535,5013,Confidential,Machine Learning Engineer,1,5.9,7.4,9.0,5
1536,3456,Taglr Technologies,Machine Learning Engineer,0,4.5,6.3,10.0,5
1537,6525,Takvaviya Analytics,Machine Learning Engineer,1,4.2,4.8,5.3,5
1538,1304,AAIC Technologies,Machine Learning Engineer,0,6.0,9.1,14.8,5
1539,2171,CIMCON Software,Machine Learning Engineer,2,3.0,6.6,10.0,5
1540,6484,Siemens,Machine Learning Engineer,3,6.0,11.7,16.0,5
1541,1122,Fractal Analytics,Machine Learning Engineer,4,15.0,19.4,25.0,5
1542,6142,Metagogy Learning Systems,Machine Learning Engineer,0,3.0,3.7,4.2,5
1543,1869,EEGRAB,Machine Learning Engineer,1,3.5,5.1,7.2,5
1544,7698,Digitalmain,Machine Learning Engineer,1,3.0,4.4,5.8,5
1545,5256,Danaher,Machine Learning Engineer,6,24.0,24.8,26.0,5
1546,1064,Phenom,Machine Learning Engineer,1,9.0,12.6,16.0,5
1547,4348,Orange Business Services,Machine Learning Engineer,5,15.0,16.1,18.0,4
1548,5584,Calsoft,Machine Learning Engineer,1,6.0,10.9,25.0,4
1549,1151,Hewlett-Packard Enterprise,Machine Learning Engineer,2,7.0,23.3,40.0,4
1550,5171,Datamatics Global Services,Machine Learning Engineer,1,3.1,5.1,8.0,4
1551,4016,Techolution,Machine Learning Engineer,4,7.0,10.0,14.0,4
1552,8875,Intel,Machine Learning Engineer,1,10.5,14.4,16.1,4
1553,6274,Accenture,Data Architect,8,15.8,24.6,33.0,55
1554,6618,TCS,Data Architect,8,13.0,19.9,30.0,49
1555,2337,Fiserv,Data Architect,3,8.4,11.2,18.4,47
1556,2022,IBM,Data Architect,10,13.5,19.6,29.0,44
1557,4135,Cognizant,Data Architect,10,15.0,19.6,25.5,42
1558,3034,Wipro,Data Architect,8,13.0,20.2,27.5,29
1559,6142,Globant,Data Architect,4,15.5,21.2,32.0,21
1560,1839,Capgemini,Data Architect,10,16.0,22.6,32.0,19
1561,3084,Tech Mahindra,Data Architect,13,11.2,17.3,25.0,12
1562,8450,HCL Technologies,Data Architect,13,16.6,23.1,31.0,10
1563,8451,UST,Data Architect,9,16.0,26.8,45.0,9
1564,1314,Adobe,Data Architect,9,30.0,32.6,37.0,8
1565,2672,Cgi Group,Data Architect,8,17.0,23.9,30.6,8
1566,7853,Infosys,Data Architect,13,11.9,19.8,32.0,8
1567,1848,JP Morgan Chase,Data Architect,8,27.0,35.1,45.0,8
1568,8820,Genpact,Data Architect,7,15.0,26.1,37.0,7
1569,8211,Ernst & Young,Data Architect,8,20.0,23.5,27.7,6
1570,3608,Deloitte,Data Architect,11,21.2,27.6,32.3,6
1571,2239,PepsiCo,Data Architect,10,26.1,33.6,49.0,6
1572,3202,Anthology,Data Architect,11,25.0,25.5,26.3,6
1573,1941,DXC Technology,Data Architect,14,15.5,19.8,24.0,5
1574,4478,Atos,Data Architect,12,17.2,22.8,35.7,5
1575,8902,ValueLabs,Data Architect,9,21.0,22.5,26.7,5
1576,4813,Barclays,Data Architect,15,30.0,30.4,30.7,5
1577,2588,Ericsson,Data Architect,8,12.8,17.5,26.5,5
1578,7967,Vodafone Idea,Data Architect,10,21.3,25.8,30.0,5
1579,6303,IQVIA,Data Architect,8,25.0,28.6,34.0,5
1580,3861,Amdocs,Data Architect,5,9.9,12.5,16.1,5
1581,7616,Mindtree,Data Architect,10,17.5,20.5,23.0,5
1582,7678,Mphasis,Data Architect,13,14.0,20.9,32.0,5
1583,1377,PwC,Data Architect,8,13.0,21.6,32.0,5
1584,5109,Happiest Minds Technologies,Data Architect,12,26.5,27.6,29.0,4
1585,5994,Shell,Data Architect,14,33.6,35.7,38.0,4
1586,6714,Fidelity International,Data Architect,8,23.4,50.6,93.0,4
1587,2842,Maveric Systems,Data Architect,9,19.0,19.0,19.0,4
1588,5485,Webhelp,Data Architect,5,7.5,12.0,18.0,4
1589,3847,Bajaj Finserv,Data Architect,6,19.0,33.1,42.5,4
1590,1379,GlobalLogic,Data Architect,10,22.7,25.5,28.5,4
1591,1999,L&T Infotech,Data Architect,11,20.5,24.8,33.5,4
1592,7143,Ab Inbev,Data Architect,14,26.1,29.8,31.0,4
1593,1125,Automatic Data Processing,Data Architect,7,14.0,36.5,102.0,4
1594,5862,Brillio,Data Architect,14,25.0,28.3,38.0,4
1595,3083,Whishworks It Consulting,Data Architect,13,20.0,29.8,37.0,4
1596,1459,ITC Infotech India,Data Architect,12,19.8,29.0,40.0,4
1597,8528,IVY Comptech,Data Architect,12,17.0,21.8,29.0,4
1598,3456,Collabera Technologies,Data Architect,8,12.0,17.0,23.1,4
1599,7737,Coforge,Data Architect,7,18.5,27.1,39.0,4
1600,5920,Hitachi,Data Architect,21,25.0,40.0,50.0,3
1601,8388,GE Power,Data Architect,7,14.9,16.7,19.0,3
1602,1385,T-Systems,Data Architect,16,33.0,33.3,34.0,3
