sds_id,raw_id,neuroticism,extraversion,openness_to_experience,agreeableness,conscientiousness,success_classification_high_low
1,8120,33.0,34.0,39.0,45.0,51.0,1
2,8951,50.0,36.0,31.0,59.0,39.0,0
3,8656,38.0,35.0,42.0,39.0,49.0,1
4,8796,41.0,26.0,30.0,40.0,19.0,0
5,8470,20.0,17.0,21.0,31.0,26.0,0
6,8063,50.0,33.0,21.0,47.0,27.0,0
7,8778,26.0,54.0,49.0,48.0,60.0,1
8,8072,33.0,40.0,28.0,24.0,43.0,0
9,8360,31.0,38.0,49.0,43.0,56.0,1
10,8001,58.0,27.0,64.0,42.0,28.0,0
11,8422,21.0,60.0,46.0,46.0,57.0,1
12,8303,47.0,22.0,32.0,42.0,57.0,0
13,8596,33.0,50.0,40.0,43.0,55.0,1
14,8979,31.0,56.0,53.0,52.0,64.0,1
15,8233,40.0,48.0,46.0,50.0,49.0,1
16,8733,27.0,60.0,38.0,45.0,40.0,0
17,8198,31.0,43.0,42.0,59.0,31.0,0
18,8083,44.0,36.0,49.0,40.0,50.0,1
19,8168,27.0,48.0,50.0,50.0,55.0,1
20,8159,23.0,46.0,51.0,54.0,52.0,1
21,8776,25.0,58.0,34.0,45.0,18.0,0
22,8128,35.0,54.0,28.0,42.0,23.0,0
23,8028,24.0,22.0,26.0,57.0,34.0,0
24,8897,33.0,40.0,44.0,39.0,44.0,0
25,8196,39.0,53.0,58.0,49.0,58.0,1
26,8051,35.0,49.0,53.0,49.0,59.0,1
27,8444,18.0,29.0,28.0,37.0,20.0,0
28,8610,40.0,34.0,38.0,46.0,26.0,0
29,8959,46.0,45.0,42.0,22.0,35.0,0
30,8225,44.0,43.0,49.0,46.0,52.0,1
31,8484,46.0,30.0,25.0,37.0,51.0,0
32,8228,26.0,32.0,37.0,44.0,35.0,0
33,8881,50.0,59.0,53.0,20.0,25.0,0
34,8104,61.0,17.0,41.0,59.0,25.0,0
35,8312,60.0,21.0,31.0,33.0,25.0,0
36,8065,17.0,26.0,34.0,30.0,44.0,0
37,8799,56.0,53.0,25.0,43.0,44.0,0
38,8667,38.0,34.0,24.0,20.0,29.0,0
39,8648,29.0,41.0,44.0,43.0,24.0,0
40,8605,47.0,50.0,47.0,60.0,58.0,1
41,8611,39.0,49.0,47.0,48.0,52.0,1
42,8898,31.0,31.0,24.0,23.0,44.0,0
43,8351,27.0,25.0,24.0,53.0,45.0,0
44,8623,33.0,31.0,30.0,46.0,63.0,0
45,8308,22.0,46.0,44.0,60.0,42.0,0
46,8745,34.0,54.0,53.0,54.0,40.0,1
47,8009,35.0,46.0,46.0,47.0,56.0,1
48,8863,23.0,62.0,55.0,49.0,64.0,1
49,8734,33.0,50.0,46.0,48.0,53.0,1
50,8880,46.0,53.0,58.0,38.0,56.0,1
51,8565,37.0,50.0,52.0,46.0,54.0,1
52,8069,52.0,41.0,43.0,46.0,49.0,1
53,8640,27.0,51.0,57.0,53.0,49.0,1
54,8819,39.0,60.0,50.0,47.0,63.0,1
55,8884,27.0,42.0,20.0,37.0,33.0,0
56,8489,28.0,51.0,53.0,56.0,60.0,1
57,8212,35.0,54.0,44.0,50.0,57.0,1
58,8905,34.0,28.0,24.0,22.0,42.0,0
59,8228,44.0,28.0,44.0,61.0,27.0,0
60,8308,37.0,50.0,53.0,41.0,51.0,1
61,8278,25.0,57.0,45.0,42.0,50.0,1
62,8756,23.0,65.0,50.0,26.0,54.0,0
63,8189,21.0,44.0,38.0,32.0,46.0,0
64,8546,30.0,21.0,40.0,62.0,24.0,0
65,8412,44.0,61.0,39.0,26.0,29.0,0
66,8086,27.0,37.0,55.0,55.0,45.0,0
67,8736,27.0,55.0,45.0,45.0,58.0,1
68,8612,38.0,44.0,47.0,41.0,51.0,1
69,8131,27.0,61.0,54.0,49.0,66.0,1
70,8317,44.0,47.0,46.0,46.0,40.0,1
71,8342,41.0,38.0,48.0,49.0,49.0,1
72,8516,29.0,56.0,42.0,49.0,61.0,1
73,8868,60.0,37.0,40.0,42.0,56.0,1
74,8341,35.0,51.0,52.0,45.0,54.0,1
75,8676,41.0,36.0,53.0,43.0,50.0,1
76,8445,42.0,55.0,39.0,55.0,58.0,1
77,8657,29.0,62.0,48.0,49.0,55.0,1
78,8572,28.0,32.0,24.0,51.0,51.0,0
79,8679,30.0,54.0,47.0,58.0,57.0,1
80,8859,31.0,41.0,27.0,58.0,41.0,0
81,8628,36.0,22.0,19.0,62.0,62.0,0
82,8712,40.0,54.0,44.0,49.0,62.0,1
83,8972,47.0,48.0,65.0,44.0,46.0,1
84,8092,65.0,31.0,27.0,29.0,29.0,0
85,8301,35.0,42.0,34.0,29.0,50.0,0
86,8209,25.0,17.0,43.0,31.0,24.0,0
87,8198,41.0,39.0,48.0,46.0,59.0,1
88,8789,27.0,36.0,35.0,46.0,43.0,0
89,8498,66.0,45.0,49.0,24.0,24.0,0
90,8708,35.0,45.0,47.0,56.0,62.0,1
91,8230,34.0,45.0,44.0,46.0,49.0,1
92,8956,19.0,46.0,25.0,64.0,22.0,0
93,8540,46.0,47.0,45.0,43.0,52.0,1
94,8112,32.0,59.0,48.0,49.0,57.0,1
95,8694,45.0,51.0,39.0,56.0,53.0,1
96,8064,20.0,39.0,19.0,25.0,24.0,0
97,8656,36.0,46.0,45.0,44.0,54.0,1
98,8800,32.0,50.0,49.0,45.0,53.0,1
99,8919,26.0,51.0,49.0,48.0,59.0,1
100,8585,41.0,23.0,21.0,27.0,61.0,0
101,8769,26.0,26.0,19.0,34.0,35.0,0
102,8631,28.0,33.0,45.0,30.0,21.0,0
103,8161,47.0,43.0,47.0,51.0,43.0,1
104,8508,40.0,22.0,22.0,20.0,29.0,0
105,8239,24.0,40.0,23.0,64.0,21.0,0
106,8288,54.0,25.0,48.0,34.0,21.0,0
107,8396,28.0,56.0,44.0,49.0,59.0,1
108,8887,23.0,24.0,39.0,37.0,64.0,0
109,8150,26.0,52.0,29.0,54.0,30.0,0
110,8309,56.0,42.0,43.0,50.0,38.0,1
111,8190,34.0,50.0,56.0,39.0,49.0,1
112,8355,29.0,51.0,49.0,49.0,57.0,1
113,8933,44.0,53.0,44.0,30.0,24.0,0
114,8598,36.0,36.0,55.0,47.0,46.0,1
115,8511,52.0,40.0,27.0,63.0,45.0,0
116,8417,44.0,29.0,20.0,50.0,26.0,0
117,8301,30.0,56.0,41.0,48.0,52.0,1
118,8725,34.0,35.0,50.0,45.0,59.0,1
119,8357,40.0,21.0,61.0,32.0,54.0,0
120,8567,21.0,44.0,28.0,27.0,23.0,0
121,8333,54.0,39.0,43.0,38.0,50.0,1
122,8089,23.0,48.0,47.0,58.0,61.0,1
123,8173,31.0,50.0,43.0,44.0,55.0,1
124,8520,50.0,25.0,48.0,17.0,23.0,0
125,8418,62.0,37.0,45.0,43.0,39.0,1
126,8722,57.0,31.0,51.0,41.0,42.0,1
127,8591,32.0,59.0,58.0,51.0,60.0,1
128,8380,49.0,45.0,40.0,50.0,58.0,1
129,8835,40.0,26.0,31.0,36.0,43.0,0
130,8011,42.0,45.0,44.0,46.0,54.0,1
131,8192,23.0,47.0,45.0,62.0,38.0,0
132,8558,27.0,46.0,24.0,64.0,25.0,0
133,8887,34.0,47.0,49.0,52.0,53.0,1
134,8065,36.0,47.0,54.0,52.0,51.0,1
135,8609,37.0,22.0,33.0,38.0,35.0,0
136,8121,42.0,61.0,30.0,53.0,51.0,0
137,8521,19.0,57.0,46.0,52.0,57.0,1
138,8303,39.0,46.0,47.0,50.0,50.0,1
139,8764,44.0,46.0,43.0,39.0,52.0,1
140,8865,23.0,62.0,28.0,64.0,62.0,0
141,8372,28.0,65.0,18.0,64.0,23.0,0
142,8684,33.0,55.0,43.0,55.0,65.0,1
143,8862,33.0,42.0,41.0,50.0,47.0,1
144,8638,68.0,43.0,36.0,26.0,44.0,0
145,8743,40.0,53.0,55.0,41.0,51.0,1
146,8447,20.0,60.0,61.0,60.0,60.0,1
147,8543,32.0,24.0,42.0,24.0,28.0,0
148,8076,67.0,34.0,25.0,68.0,52.0,0
149,8753,27.0,55.0,60.0,51.0,57.0,1
150,8489,56.0,20.0,23.0,21.0,24.0,0
151,8261,44.0,42.0,42.0,45.0,47.0,1
152,8894,38.0,51.0,46.0,48.0,48.0,1
153,8847,22.0,53.0,55.0,46.0,62.0,1
154,8281,32.0,67.0,31.0,27.0,39.0,0
155,8729,41.0,41.0,18.0,66.0,30.0,0
156,8221,24.0,64.0,59.0,51.0,56.0,1
157,8427,51.0,56.0,50.0,48.0,44.0,1
158,8061,27.0,32.0,47.0,46.0,49.0,0
159,8779,28.0,54.0,59.0,45.0,53.0,1
160,8090,24.0,47.0,32.0,19.0,20.0,0
161,8504,36.0,43.0,49.0,46.0,48.0,1
