id,neuroticism,extraversion,openness_to_experience,agreeableness,conscientiousness,high_success
8120,33.0,34.0,39.0,45.0,51.0,1
8951,50.0,36.0,31.0,59.0,39.0,0
8656,38.0,35.0,42.0,39.0,49.0,1
8796,41.0,26.0,30.0,40.0,19.0,0
8470,20.0,17.0,21.0,31.0,26.0,0
8063,50.0,33.0,21.0,47.0,27.0,0
8778,26.0,54.0,49.0,48.0,60.0,1
8072,33.0,40.0,28.0,24.0,43.0,0
8360,31.0,38.0,49.0,43.0,56.0,1
8001,58.0,27.0,64.0,42.0,28.0,0
8422,21.0,60.0,46.0,46.0,57.0,1
8303,47.0,22.0,32.0,42.0,57.0,0
8596,33.0,50.0,40.0,43.0,55.0,1
8979,31.0,56.0,53.0,52.0,64.0,1
8233,40.0,48.0,46.0,50.0,49.0,1
8733,27.0,60.0,38.0,45.0,40.0,0
8198,31.0,43.0,42.0,59.0,31.0,0
8083,44.0,36.0,49.0,40.0,50.0,1
8168,27.0,48.0,50.0,50.0,55.0,1
8159,23.0,46.0,51.0,54.0,52.0,1
8776,25.0,58.0,34.0,45.0,18.0,0
8128,35.0,54.0,28.0,42.0,23.0,0
8028,24.0,22.0,26.0,57.0,34.0,0
8897,33.0,40.0,44.0,39.0,44.0,0
8196,39.0,53.0,58.0,49.0,58.0,1
8051,35.0,49.0,53.0,49.0,59.0,1
8444,18.0,29.0,28.0,37.0,20.0,0
8610,40.0,34.0,38.0,46.0,26.0,0
8959,46.0,45.0,42.0,22.0,35.0,0
8225,44.0,43.0,49.0,46.0,52.0,1
8484,46.0,30.0,25.0,37.0,51.0,0
8228,26.0,32.0,37.0,44.0,35.0,0
8881,50.0,59.0,53.0,20.0,25.0,0
8104,61.0,17.0,41.0,59.0,25.0,0
8312,60.0,21.0,31.0,33.0,25.0,0
8065,17.0,26.0,34.0,30.0,44.0,0
8799,56.0,53.0,25.0,43.0,44.0,0
8667,38.0,34.0,24.0,20.0,29.0,0
8648,29.0,41.0,44.0,43.0,24.0,0
8605,47.0,50.0,47.0,60.0,58.0,1
8611,39.0,49.0,47.0,48.0,52.0,1
8898,31.0,31.0,24.0,23.0,44.0,0
8351,27.0,25.0,24.0,53.0,45.0,0
8623,33.0,31.0,30.0,46.0,63.0,0
8308,22.0,46.0,44.0,60.0,42.0,0
8745,34.0,54.0,53.0,54.0,40.0,1
8009,35.0,46.0,46.0,47.0,56.0,1
8863,23.0,62.0,55.0,49.0,64.0,1
8734,33.0,50.0,46.0,48.0,53.0,1
8880,46.0,53.0,58.0,38.0,56.0,1
8565,37.0,50.0,52.0,46.0,54.0,1
8069,52.0,41.0,43.0,46.0,49.0,1
8640,27.0,51.0,57.0,53.0,49.0,1
8819,39.0,60.0,50.0,47.0,63.0,1
8884,27.0,42.0,20.0,37.0,33.0,0
8489,28.0,51.0,53.0,56.0,60.0,1
8212,35.0,54.0,44.0,50.0,57.0,1
8905,34.0,28.0,24.0,22.0,42.0,0
8278,25.0,57.0,45.0,42.0,50.0,1
8756,23.0,65.0,50.0,26.0,54.0,0
8189,21.0,44.0,38.0,32.0,46.0,0
8546,30.0,21.0,40.0,62.0,24.0,0
8412,44.0,61.0,39.0,26.0,29.0,0
8086,27.0,37.0,55.0,55.0,45.0,0
8736,27.0,55.0,45.0,45.0,58.0,1
8612,38.0,44.0,47.0,41.0,51.0,1
8131,27.0,61.0,54.0,49.0,66.0,1
8317,44.0,47.0,46.0,46.0,40.0,1
8342,41.0,38.0,48.0,49.0,49.0,1
8516,29.0,56.0,42.0,49.0,61.0,1
8868,60.0,37.0,40.0,42.0,56.0,1
8341,35.0,51.0,52.0,45.0,54.0,1
8676,41.0,36.0,53.0,43.0,50.0,1
8445,42.0,55.0,39.0,55.0,58.0,1
8657,29.0,62.0,48.0,49.0,55.0,1
8572,28.0,32.0,24.0,51.0,51.0,0
8679,30.0,54.0,47.0,58.0,57.0,1
8859,31.0,41.0,27.0,58.0,41.0,0
8628,36.0,22.0,19.0,62.0,62.0,0
8712,40.0,54.0,44.0,49.0,62.0,1
8972,47.0,48.0,65.0,44.0,46.0,1
8092,65.0,31.0,27.0,29.0,29.0,0
8301,35.0,42.0,34.0,29.0,50.0,0
8209,25.0,17.0,43.0,31.0,24.0,0
8789,27.0,36.0,35.0,46.0,43.0,0
8498,66.0,45.0,49.0,24.0,24.0,0
8708,35.0,45.0,47.0,56.0,62.0,1
8230,34.0,45.0,44.0,46.0,49.0,1
8956,19.0,46.0,25.0,64.0,22.0,0
8540,46.0,47.0,45.0,43.0,52.0,1
8112,32.0,59.0,48.0,49.0,57.0,1
8694,45.0,51.0,39.0,56.0,53.0,1
8064,20.0,39.0,19.0,25.0,24.0,0
8800,32.0,50.0,49.0,45.0,53.0,1
8919,26.0,51.0,49.0,48.0,59.0,1
8585,41.0,23.0,21.0,27.0,61.0,0
8769,26.0,26.0,19.0,34.0,35.0,0
8631,28.0,33.0,45.0,30.0,21.0,0
8161,47.0,43.0,47.0,51.0,43.0,1
8508,40.0,22.0,22.0,20.0,29.0,0
8239,24.0,40.0,23.0,64.0,21.0,0
8288,54.0,25.0,48.0,34.0,21.0,0
8396,28.0,56.0,44.0,49.0,59.0,1
8887,23.0,24.0,39.0,37.0,64.0,0
8150,26.0,52.0,29.0,54.0,30.0,0
8309,56.0,42.0,43.0,50.0,38.0,1
8190,34.0,50.0,56.0,39.0,49.0,1
8355,29.0,51.0,49.0,49.0,57.0,1
8933,44.0,53.0,44.0,30.0,24.0,0
8598,36.0,36.0,55.0,47.0,46.0,1
8511,52.0,40.0,27.0,63.0,45.0,0
8417,44.0,29.0,20.0,50.0,26.0,0
8725,34.0,35.0,50.0,45.0,59.0,1
8357,40.0,21.0,61.0,32.0,54.0,0
8567,21.0,44.0,28.0,27.0,23.0,0
8333,54.0,39.0,43.0,38.0,50.0,1
8089,23.0,48.0,47.0,58.0,61.0,1
8173,31.0,50.0,43.0,44.0,55.0,1
8520,50.0,25.0,48.0,17.0,23.0,0
8418,62.0,37.0,45.0,43.0,39.0,1
8722,57.0,31.0,51.0,41.0,42.0,1
8591,32.0,59.0,58.0,51.0,60.0,1
8380,49.0,45.0,40.0,50.0,58.0,1
8835,40.0,26.0,31.0,36.0,43.0,0
8011,42.0,45.0,44.0,46.0,54.0,1
8192,23.0,47.0,45.0,62.0,38.0,0
8558,27.0,46.0,24.0,64.0,25.0,0
8609,37.0,22.0,33.0,38.0,35.0,0
8121,42.0,61.0,30.0,53.0,51.0,0
8521,19.0,57.0,46.0,52.0,57.0,1
8764,44.0,46.0,43.0,39.0,52.0,1
8865,23.0,62.0,28.0,64.0,62.0,0
8372,28.0,65.0,18.0,64.0,23.0,0
8684,33.0,55.0,43.0,55.0,65.0,1
8862,33.0,42.0,41.0,50.0,47.0,1
8638,68.0,43.0,36.0,26.0,44.0,0
8743,40.0,53.0,55.0,41.0,51.0,1
8447,20.0,60.0,61.0,60.0,60.0,1
8543,32.0,24.0,42.0,24.0,28.0,0
8076,67.0,34.0,25.0,68.0,52.0,0
8753,27.0,55.0,60.0,51.0,57.0,1
8261,44.0,42.0,42.0,45.0,47.0,1
8894,38.0,51.0,46.0,48.0,48.0,1
8847,22.0,53.0,55.0,46.0,62.0,1
8281,32.0,67.0,31.0,27.0,39.0,0
8729,41.0,41.0,18.0,66.0,30.0,0
8221,24.0,64.0,59.0,51.0,56.0,1
8427,51.0,56.0,50.0,48.0,44.0,1
8061,27.0,32.0,47.0,46.0,49.0,0
8779,28.0,54.0,59.0,45.0,53.0,1
8090,24.0,47.0,32.0,19.0,20.0,0
8504,36.0,43.0,49.0,46.0,48.0,1
