dataset,issue,rows_affected,action_taken,justification
DataScience_Jobs,String representation of salaries ('xL'),1602,"Parsed trailing 'L' and converted min_salary, avg_salary, max_salary to float LPA",Required for continuous econometric regressions and statistical modeling
DataScience_Jobs,Salary interval monotonicity validation (min <= avg <= max),0,Audited all salary records; found 0 monotonicity violations,Ensures mathematical validity across all compensation intervals
DataScience_Jobs,Non-unique reference_no identifiers (276 rows sharing 142 values),276,"Verified 0 exact content duplicates exist; preserved all 1,602 rows and created surrogate unique primary key 'job_id'",Duplicate reference IDs represent scraper batch identifiers for distinct jobs from different companies/roles
DataScience_Jobs,"Extreme right-skew in vacancies (median 22, max 4,200 from TCS)",1602,Engineered feature 'log_num_of_jobs' using log(1 + num_of_jobs),Normalizes exponential vacancy counts for linear modeling and regression
DataScience_Jobs,High experience values (up to 21 years),39,Flagged 39 records as experience outliers via IQR threshold (> 8.5 yrs),Verified records are valid enterprise Architect roles; flagged without deletion to avoid biasing junior models
DataScience_Jobs,Unstructured seniority metadata,1602,Derived binary 'seniority' attribute (Senior vs Non-senior) using keyword regex,Enables seniority-segmented compensation and skill benchmark analysis
DataScience_Jobs,Role title taxonomy fragmentation,1602,"Mapped job_title into 6 standardized role families (Data Science, Data Analysis, Data Engineering, Business Analysis, ML, Architecture)",Standardizes functional tracks across the labour market for comparative econometric analysis
Analytics_Jobs,Exact content duplicate postings ignoring s_no,1001,"Dropped 1001 duplicate rows, preserving first occurrence",Removes duplicate job listings caused by periodic scraper re-runs
Analytics_Jobs,String formatted experience intervals (e.g. '6-10 yrs'),14840,"Parsed experience into continuous variables exp_min, exp_max, and exp_mid",Enables quantitative Mincerian wage modeling and experience benchmarking
Analytics_Jobs,"Categorical salary intervals ('0to3', '6to10', etc.)",14840,Converted salary categories into ordinal rank salary_band (0..5) and continuous midpoint band_mid_lpa,Permits ordinal logistic regression and parametric salary comparison
Analytics_Jobs,High missingness in job_type (77.9% missing),12011,Standardized casing and categorized missing entries as 'Unknown' without blind imputation,Blind imputation of 76% missing categorical data would introduce severe structural bias
Analytics_Jobs,Multi-city comma-delimited strings and spelling synonyms (e.g. Gurugram vs Gurgaon),14840,"Canonicalized metropolitan synonyms, extracted primary_city, and created boolean is_multi_city",Standardizes geographic tech clusters for inter-city wage comparison
Analytics_Jobs,"Inconsistent casing, synonyms, and junk punctuation in key_skills",14840,"Cleaned tokens, mapped aliases (e.g. ml -> machine learning), removed noise, and added skill_count",Ensures accurate skill frequency counts and prevents fragmentation of core technical terms
Analytics_Jobs,Freeform unstructured job designation titles,14840,Mapped job_desig into 7 standardized role families using priority regex keyword rules,Facilitates macro labour segmentation across primary functional disciplines
Analytics_Jobs,Unstructured remote work indicators across text fields,115,Flagged 115 postings as remote/WFH via boolean feature 'is_remote_or_wfh',Enables remote vs onsite wage disparity analysis for career restarters
JDS_Skill_Traits,Inconsistent column formatting and hyphenation ('maths-stats_skills'),7,Standardized all columns to snake_case and renamed target to 'high_hike',Ensures programmatic consistency and clean attribute access across pipelines
JDS_Skill_Traits,Duplicate evaluation candidate IDs (IDs 3291 and 2223 duplicated),4,Identified conflicting evaluation scores across duplicate IDs; preserved first occurrence and dropped 2 conflicting records,Guarantees primary key uniqueness (N=137 unique candidates) to prevent data leakage in cross-validation
JDS_Skill_Traits,Competency score boundary validation (1.0 to 5.0 scale),0,Validated all 5 skill pillars; 0 range violations discovered across all 137 candidates,Guarantees input validity for econometric logit models and ML classifiers
SDS_Personality_Traits,"Stray whitespace in column headers (' extraversion', 'success_ classification_ high_low')",7,Standardized all columns to snake_case and renamed target to 'high_success',Eliminates whitespace KeyError bugs and provides clean feature names
SDS_Personality_Traits,Duplicate candidate evaluation IDs (9 IDs with 18 records),18,Detected conflicting psychometric observations across duplicate IDs; preserved first occurrence and dropped 9 conflicting records,Ensures absolute identifier uniqueness (N=152 senior leaders) and prevents cross-validation fold contamination
SDS_Personality_Traits,Psychometric scale boundary verification (0.0 to 100.0 scale),0,Validated Big Five OCEAN traits; 0 violations found across all 152 senior professionals,Confirms data integrity for multivariable logistic regression and odds ratio estimation
